sample_id,process_type,C_pct,H_pct,O_pct,N_pct,S_pct,cellulose_pct,hemicellulose_pct,lignin_pct,ash_pct,temperature_C,pressure_bar,residence_time_h,gasifying_agent,CO_yield_pct,H2_yield_pct,CH4_yield_pct,CO2_yield_pct,LHV_MJ_Nm3,bio_oil_yield_pct,biochar_yield_pct,syngas_yield_pct,hydrochar_yield_pct,HHV_hydrochar_MJ_kg
1,1,30.00,2.57,31.49,1.44,0.38,11.38, 1.28,10.54,29.37, 713.9, 1.6, 1.9,2,13.97, 9.97,10.87, 7.82, 7.35, 0.00, 1.79,*****, 3.81, 1.23
2,1,30.30,2.89,33.53,1.62,0.33,11.68, 1.12,11.92,32.62, 869.9, 3.3, 0.7,2,21.98,15.61, 9.86, 3.74, 8.20, 0.00, 2.94,98.61, 3.98, 0.00
3,1,31.39,2.78,31.54,1.64,0.38,11.56, 1.23,10.26,29.53, 743.4, 2.8, 1.8,2,17.72,12.22,11.37, 8.99, 7.23, 0.00, 2.31,*****, 5.43, 0.00
4,1,31.55,2.75,30.51,1.52,0.31,10.94, 1.35, 9.73,26.22, 753.0, 2.9, 1.9,2,19.90,12.27,11.37, 8.89, 7.44, 1.47, 0.00,*****, 2.23, 0.00
5,1,29.50,2.66,35.53,1.48,0.33,12.01, 1.56,11.78,34.33, 822.7, 4.3, 1.0,2,21.01,13.42,10.00, 6.24, 7.60, 1.56, 0.60,97.84, 0.00, 0.00
6,1,31.69,2.82,33.47,1.71,0.35,11.31, 1.08,10.75,28.32, 761.1, 1.3, 2.4,1,20.63,10.27,11.59, 8.18, 7.60, 0.00, 0.00,*****, 0.00, 0.57
7,1,30.18,2.69,33.49,1.78,0.35,12.19, 2.47,11.66,28.15, 858.5, 2.2, 0.7,3,20.15,18.55, 9.31, 2.70, 8.27, 0.00, 0.90,99.88, 0.00, 0.87
8,1,29.06,2.55,30.40,1.57,0.33,10.81, 2.10,11.83,25.98, 772.3, 3.6, 1.8,2,19.81,11.42,10.03, 7.42, 7.28, 0.97, 2.57,96.46, 0.00, 0.00
9,1,29.46,2.81,31.82,1.75,0.35,11.47, 1.08,10.32,29.19, 898.5, 2.9, 1.5,2,20.85,17.90,10.31, 3.06, 7.93, 0.00, 0.20,*****, 1.20, 0.00
10,1,28.02,2.61,30.27,1.56,0.31,12.40, 1.30,10.25,25.59, 803.2, 3.2, 2.3,2,20.60,12.88,11.14, 6.97, 8.16, 1.15, 0.00,*****, 0.00, 0.00
11,1,29.04,2.95,31.89,1.78,0.39,10.36, 2.41,10.21,28.01, 715.4, 1.3, 0.9,2,17.82,11.26,10.50, 9.26, 6.82, 0.00, 0.77,*****, 0.96, 0.00
12,1,29.46,2.75,32.96,1.46,0.33,10.05, 1.81,11.32,26.41, 710.2, 2.8, 1.8,1,20.54, 7.54,11.46, 7.03, 7.18, 0.00, 0.01,*****, 0.07, 0.21
13,1,29.94,2.56,34.35,1.80,0.34,10.03, 1.31,10.88,26.62, 871.4, 2.5, 1.2,1,21.16,12.88,11.29, 3.76, 8.04, 1.90, 1.18,96.92, 1.77, 0.76
14,1,29.46,2.64,30.77,1.71,0.34,10.70, 1.52, 9.34,31.26, 740.8, 3.9, 2.0,1,19.75, 9.36,10.99, 7.48, 7.53, 0.28, 0.00,99.98, 0.00, 0.25
15,1,28.10,2.66,34.16,1.74,0.32,12.11, 1.96,10.17,28.79, 884.4, 3.8, 2.3,3,24.90,17.70, 9.46, 4.12, 8.05, 2.85, 0.88,96.26, 0.00, 0.00
16,1,28.97,2.61,35.95,1.70,0.30,10.75, 2.02, 9.12,25.29, 854.3, 3.2, 0.8,3,22.60,17.74, 9.95, 4.61, 8.16, 0.13, 1.93,97.95, 0.00, 0.00
17,1,28.18,2.59,35.56,1.69,0.33,11.62, 2.37,10.74,27.43, 826.2, 1.5, 2.5,3,21.07,16.18, 9.34, 6.40, 7.54, 2.43, 0.00,98.13, 0.56, 0.00
18,1,28.10,2.92,31.66,1.54,0.38,12.30, 1.33,10.46,29.29, 856.0, 2.8, 1.6,3,23.12,17.18, 9.14, 5.19, 7.86, 2.55, 0.40,97.05, 0.00, 0.00
19,1,28.46,2.53,33.61,1.69,0.37,10.78, 1.97, 9.96,29.01, 790.8, 1.9, 1.6,3,20.05,15.10, 9.10, 4.70, 6.85, 0.00, 0.00,*****, 0.00, 0.00
20,1,31.37,2.58,35.58,1.41,0.33,12.58, 1.85,10.47,32.65, 840.9, 2.7, 0.8,2,24.38,14.52,10.81, 5.67, 7.69, 0.47, 0.08,99.45, 1.88, 0.00
21,1,29.81,2.97,30.21,1.72,0.31,12.43, 2.34,11.23,32.43, 889.2, 4.0, 0.7,2,24.96,16.47, 9.67, 0.80, 8.98, 1.64, 0.68,97.68, 0.00, 0.63
22,1,29.64,2.94,33.47,1.48,0.36,12.38, 1.04,10.18,27.50, 860.2, 1.4, 0.6,2,22.00,14.68, 9.99, 5.41, 8.57, 0.00, 0.00,*****, 0.00, 1.94
23,1,31.21,2.84,33.63,1.55,0.32,11.67, 1.23,11.83,26.49, 720.3, 4.5, 0.8,2,19.85,11.19,11.05, 8.23, 7.24, 2.46, 0.00,98.78, 0.00, 0.81
24,1,29.18,2.83,32.38,1.59,0.32,11.21, 1.85,10.20,29.75, 706.7, 1.2, 1.2,2,18.55,11.56,10.39, 5.82, 7.50, 0.21, 0.00,*****, 0.00, 0.32
25,1,31.20,2.84,31.56,1.79,0.34,10.33, 2.47,11.96,29.40, 757.9, 2.3, 0.7,2,17.95,10.53,10.08, 6.38, 7.93, 3.05, 0.00,99.96, 3.54, 0.00
26,1,29.86,2.51,32.07,1.72,0.32,12.56, 1.82,10.57,27.04, 801.1, 2.2, 1.4,3,22.60,14.76, 8.53, 5.39, 7.74, 0.93, 0.00,99.62, 1.02, 1.28
27,1,30.93,2.61,33.91,1.43,0.37,10.70, 1.23, 9.72,26.23, 830.3, 3.3, 2.4,3,21.97,15.68, 9.05, 7.17, 7.63, 0.00, 0.00,*****, 1.86, 0.19
28,1,28.01,2.54,35.97,1.77,0.39,11.58, 1.89, 9.91,26.52, 748.3, 2.7, 1.5,1,14.72,10.33,11.18, 9.05, 6.54, 1.59, 1.81,96.60, 2.12, 0.00
29,1,29.44,2.81,34.67,1.46,0.40,12.33, 1.12, 9.20,26.34, 729.7, 2.1, 1.4,1,17.69, 9.32,11.74,10.87, 7.42, 0.67, 0.00,*****, 0.00, 0.68
30,1,30.11,2.53,35.83,1.64,0.36,12.04, 2.18, 9.39,34.96, 875.8, 1.9, 1.4,3,24.07,18.16, 9.21, 6.66, 8.20, 0.00, 1.18,99.64, 0.24, 0.00
31,1,31.24,2.91,31.14,1.43,0.39,12.47, 1.99,10.43,31.38, 761.1, 4.5, 1.6,1,21.13,11.37,11.56, 8.19, 8.38, 2.96, 0.00,98.86, 1.68, 0.00
32,1,30.22,2.72,35.00,1.40,0.37,10.40, 1.27,11.47,26.50, 803.2, 2.4, 0.9,3,21.21,14.85,10.18, 6.19, 7.19, 0.00, 0.00,*****, 0.82, 0.00
33,1,30.57,2.61,32.46,1.45,0.34,12.74, 1.20, 9.21,29.04, 766.6, 3.2, 0.8,2,20.18,11.77,11.03, 9.44, 7.22, 2.43, 1.07,96.50, 0.00, 0.15
34,1,31.41,2.98,30.40,1.58,0.37,12.45, 1.40,11.39,27.11, 702.5, 3.7, 1.2,3,15.52,10.84,10.41, 8.12, 7.08, 0.00, 0.29,*****, 0.78, 0.00
35,1,30.57,2.64,34.00,1.53,0.35,12.32, 1.13,10.96,33.33, 896.5, 4.3, 2.2,3,25.14,19.54,10.01, 4.04, 8.47, 2.65, 0.00,97.45, 1.84, 0.00
36,1,28.44,2.83,34.05,1.62,0.31,12.48, 2.48,10.12,28.56, 838.3, 3.0, 1.8,2,22.05,14.13,10.26, 5.93, 7.93, 0.00, 0.21,*****, 0.00, 0.17
37,1,30.35,2.57,31.14,1.76,0.33,12.24, 1.91, 9.79,33.69, 704.3, 3.5, 1.0,1,16.38, 7.08,11.95, 8.21, 7.01, 1.69, 1.61,96.70, 0.00, 0.22
38,1,30.12,2.74,34.93,1.72,0.35,11.12, 2.35,11.15,33.66, 721.7, 1.2, 1.9,3,18.27,13.39,10.09, 8.85, 6.97, 0.67, 0.00,99.47, 1.65, 0.00
39,1,28.17,2.69,33.03,1.44,0.39,12.34, 1.74, 9.26,33.19, 830.9, 2.9, 0.8,1,23.09,14.44,11.76, 5.00, 7.69, 1.40, 2.99,95.61, 0.00, 0.30
40,1,30.58,2.50,33.53,1.77,0.37,10.07, 1.03,11.95,33.60, 783.0, 3.5, 0.8,1,18.67,10.68,11.62,10.77, 7.44, 0.00, 3.38,97.92, 3.59, 0.54
41,1,31.07,2.83,31.58,1.73,0.38,11.49, 1.77,10.05,32.39, 712.0, 4.4, 2.3,1,16.72, 5.86,11.67, 9.61, 6.51, 1.02, 1.13,97.85, 2.31, 0.00
42,1,28.42,2.87,31.36,1.55,0.38,10.37, 2.00, 9.72,26.53, 756.0, 3.9, 1.1,3,19.67,13.61,10.54, 7.46, 7.63, 2.02, 0.96,97.03, 0.00, 0.00
43,1,31.26,2.86,30.71,1.67,0.35,12.47, 1.16,10.37,27.47, 888.7, 4.3, 0.5,1,25.23,12.38,10.41, 5.89, 8.44, 0.98, 0.00,99.56, 2.16, 0.00
44,1,31.13,2.73,35.78,1.44,0.36,12.47, 1.83,10.41,27.84, 879.7, 3.8, 0.6,1,23.95,15.89,10.88, 5.15, 8.37, 0.72, 0.00,99.62, 3.53, 1.47
45,1,29.03,2.97,34.63,1.41,0.33,10.60, 1.67,10.86,26.11, 801.8, 4.9, 2.3,1,18.95,12.28,11.61, 8.36, 7.80, 0.97, 0.00,99.61, 0.00, 0.00
46,1,31.94,2.53,30.44,1.42,0.35,10.28, 1.07,10.97,34.75, 837.7, 3.0, 1.5,1,23.03,11.04,12.00, 5.32, 8.39, 0.00, 0.00,*****, 0.00, 0.00
47,1,28.92,2.73,32.85,1.61,0.34,12.14, 1.19,10.27,30.60, 864.3, 2.4, 1.3,3,22.43,17.57, 9.85, 4.04, 8.37, 0.00, 2.93,98.25, 0.35, 0.00
48,1,30.11,2.91,34.68,1.68,0.40,12.94, 1.48,10.16,26.11, 709.1, 3.7, 0.8,1,18.92,10.76,10.57,10.94, 6.53, 3.46, 0.00,97.42, 1.19, 0.00
49,1,31.02,2.74,32.86,1.68,0.36,12.00, 2.22,10.57,31.71, 884.6, 2.3, 2.3,3,25.29,16.56,10.24, 3.47, 8.37, 2.27, 0.00,*****, 0.00, 0.13
50,1,29.06,2.84,34.12,1.48,0.37,12.59, 1.69, 9.53,27.59, 732.6, 2.0, 1.5,1,13.31, 8.80,11.41, 6.93, 7.58, 1.77, 2.98,95.25, 1.01, 0.00
51,1,30.24,2.81,34.60,1.79,0.34,11.47, 2.26,10.46,31.34, 737.4, 4.8, 1.4,2,19.91,11.71,10.43, 6.79, 6.97, 3.69, 0.00,96.97, 0.03, 0.00
52,1,28.74,2.61,34.21,1.57,0.33,12.82, 1.54, 9.08,34.12, 739.1, 1.8, 0.6,2,17.21,12.62, 9.82, 9.60, 7.50, 2.79, 1.34,95.87, 2.53, 0.18
53,1,28.64,2.92,30.01,1.67,0.31,12.23, 2.14,11.58,28.87, 705.6, 2.0, 1.2,3,19.13,14.23, 9.64, 7.22, 7.39, 0.00, 0.00,*****, 1.67, 0.00
54,1,31.57,2.90,35.94,1.72,0.34,10.23, 2.29,10.30,25.29, 791.0, 1.4, 2.4,1,19.72,10.01,11.22, 8.22, 7.71, 0.00, 0.00,*****, 2.64, 0.45
55,1,31.57,2.58,33.11,1.68,0.31,11.88, 2.30,11.51,31.84, 761.1, 3.6, 1.6,3,20.03,14.15,10.31, 7.24, 7.06, 0.75, 0.70,98.55, 0.00, 0.00
56,1,31.82,2.91,33.41,1.62,0.39,11.86, 1.55,11.59,32.99, 844.8, 1.0, 2.2,1,23.08,12.07,10.94, 6.98, 8.03, 0.26, 0.48,99.26, 0.61, 2.50
57,1,28.15,2.81,34.02,1.72,0.32,12.10, 2.11, 9.91,32.99, 784.7, 3.5, 1.8,2,17.85,12.36,10.75, 5.63, 7.38, 0.00, 0.07,*****, 2.44, 0.01
58,1,29.31,2.83,31.84,1.44,0.32,11.12, 1.65,10.25,31.43, 711.8, 3.2, 1.5,1,15.88, 7.30,12.63,10.03, 7.08, 0.06, 0.97,98.97, 0.78, 0.26
59,1,30.00,2.89,30.08,1.56,0.39,12.17, 1.51,11.22,32.06, 890.3, 3.8, 0.9,1,23.87,14.60,10.75, 2.34, 8.45, 0.00, 0.00,*****, 0.00, 0.47
60,1,28.90,2.67,31.88,1.77,0.37,11.35, 1.70,11.17,34.75, 828.1, 3.8, 2.5,3,22.03,14.50, 9.61, 6.23, 7.74, 0.00, 3.89,96.74, 0.00, 0.00
61,1,29.19,2.75,35.81,1.62,0.34,12.71, 2.50, 9.01,29.03, 855.5, 5.0, 2.3,1,23.26,13.34,10.36, 5.16, 8.28, 0.00, 0.00,*****, 0.00, 0.00
62,1,31.89,2.75,32.33,1.65,0.39,12.70, 1.39,11.26,30.68, 875.0, 3.5, 1.3,2,22.66,15.60,10.78, 3.58, 8.41, 0.00, 1.70,99.90, 0.00, 0.00
63,1,30.10,2.53,30.63,1.59,0.38,12.06, 1.82, 9.44,31.35, 864.0, 3.9, 1.1,2,23.57,15.67,11.72, 2.82, 7.92, 0.00, 0.00,*****, 0.00, 0.12
64,1,30.68,2.51,35.86,1.65,0.34,10.47, 1.22, 9.67,31.02, 856.2, 4.0, 1.0,2,20.75,15.64,11.15, 4.30, 8.06, 0.00, 0.00,*****, 0.00, 0.00
65,1,31.41,2.90,35.10,1.66,0.40,11.05, 1.43,11.38,31.42, 858.8, 3.2, 0.6,1,22.94,13.63,11.22, 5.54, 8.36, 0.00, 0.23,*****, 0.00, 0.00
66,1,28.59,2.71,30.05,1.61,0.33,10.22, 1.12,10.21,34.04, 856.7, 4.0, 1.0,2,20.77,16.72,10.44, 4.15, 7.99, 0.00, 0.00,*****, 0.00, 0.00
67,1,29.90,2.64,35.26,1.80,0.37,10.52, 1.32,11.19,25.91, 890.2, 2.0, 0.7,1,22.49,16.06,10.24, 5.00, 8.34, 0.04, 0.00,*****, 2.64, 0.00
68,1,29.72,2.69,33.91,1.56,0.33,10.35, 2.15,10.68,29.48, 820.7, 4.6, 1.4,2,20.98,14.45,10.56, 6.28, 7.63, 0.00, 0.42,*****, 0.00, 0.54
69,1,30.87,2.65,35.54,1.68,0.33,11.78, 1.97,11.88,30.82, 768.7, 1.2, 0.8,1,18.73, 8.51,10.74, 9.87, 7.39, 0.46, 0.00,*****, 0.00, 0.89
70,1,29.37,2.61,31.45,1.63,0.38,11.61, 1.28,10.92,29.22, 862.4, 2.1, 1.9,2,23.15,15.48,10.56, 3.76, 8.34, 0.21, 0.38,99.41, 2.49, 0.00
71,1,29.64,2.98,35.37,1.46,0.31,11.93, 2.13, 9.80,31.67, 899.7, 1.9, 0.9,1,24.10,15.34,10.70, 3.68, 8.85, 0.00, 0.00,*****, 0.00, 0.00
72,1,28.57,2.98,34.05,1.48,0.37,10.54, 1.68,11.82,34.42, 771.8, 2.4, 1.4,2,19.97,12.17,10.15, 6.40, 7.16, 0.00, 2.89,98.84, 4.18, 0.00
73,1,31.17,2.57,30.55,1.72,0.34,10.57, 1.57, 9.66,31.54, 739.0, 2.0, 1.5,1,19.57, 8.52,11.77, 9.47, 7.71, 0.00, 1.86,*****, 4.41, 0.65
74,1,30.94,2.84,33.49,1.66,0.34,11.02, 1.33,10.94,31.29, 762.6, 3.1, 2.0,1,18.05,11.78,10.74,12.30, 7.74, 0.00, 1.42,*****, 0.00, 0.16
75,1,31.83,2.71,32.68,1.46,0.34,10.53, 1.43, 9.99,34.98, 895.9, 2.6, 1.1,1,24.90,14.67,11.65, 2.32, 8.65, 0.00, 0.00,*****, 0.00, 0.00
76,1,31.98,2.78,30.59,1.49,0.39,11.87, 1.36, 9.47,25.09, 812.4, 2.7, 2.0,2,20.93,13.35,10.10, 3.98, 7.70, 3.53, 0.27,96.20, 0.00, 0.64
77,1,31.69,2.77,34.22,1.47,0.33,10.51, 2.16,11.35,30.35, 746.4, 3.1, 1.4,1,17.08, 9.56,11.95,10.30, 7.37, 0.55, 1.69,97.75, 0.62, 0.00
78,1,30.32,2.60,35.95,1.51,0.33,13.00, 2.35,11.45,25.51, 726.2, 4.0, 0.6,3,17.12, 9.84, 9.89, 8.25, 6.98, 3.64, 3.21,93.15, 0.00, 0.02
79,1,31.34,2.80,32.90,1.58,0.37,11.59, 1.38,10.48,28.11, 860.1, 4.9, 2.3,3,20.14,16.88, 8.93, 6.52, 7.92, 0.00, 0.12,*****, 1.82, 0.00
80,1,31.92,2.65,32.88,1.65,0.37,12.38, 1.23, 9.75,25.49, 715.1, 4.8, 0.8,2,19.44, 9.76,11.22, 9.10, 7.34, 0.00, 0.28,*****, 4.63, 0.00
81,1,29.87,2.77,33.61,1.53,0.39,12.01, 1.22,11.67,28.17, 705.6, 3.0, 1.3,2,17.32,11.52,10.38,10.80, 7.13, 0.00, 0.76,*****, 0.00, 0.46
82,1,29.27,2.60,31.87,1.59,0.39,10.85, 2.41,10.37,26.43, 716.9, 2.9, 0.9,3,16.06,12.35,10.01, 8.33, 6.81, 3.32, 2.27,94.42, 1.93, 0.00
83,1,30.64,2.61,31.05,1.49,0.34,12.71, 1.80,11.63,32.95, 736.7, 1.9, 1.0,2,16.25,10.54,11.26, 8.29, 7.04, 3.23, 0.86,95.91, 1.87, 0.00
84,1,28.21,2.78,35.16,1.60,0.36,12.76, 2.44,11.54,26.49, 765.3, 1.3, 1.9,2,18.59,11.35,10.04, 7.23, 7.27, 0.00, 0.38,*****, 1.31, 0.05
85,1,29.99,2.74,34.68,1.60,0.34,11.02, 1.10,11.31,26.74, 821.3, 3.7, 1.5,3,22.59,16.46, 9.96, 4.29, 7.40, 3.27, 0.00,98.18, 0.00, 0.20
86,1,28.89,2.99,30.61,1.56,0.34,10.35, 1.89,11.40,33.08, 797.6, 3.3, 2.5,3,21.06,14.50, 9.67, 6.16, 8.01, 0.00, 0.41,*****, 3.65, 1.40
87,1,29.52,2.80,35.14,1.78,0.40,12.95, 1.35, 9.93,28.16, 811.9, 2.9, 2.0,2,18.36,13.14, 9.39, 7.05, 7.63, 0.00, 1.32,*****, 0.63, 1.43
88,1,28.83,2.79,32.50,1.79,0.40,10.82, 2.27,10.71,27.19, 726.9, 4.1, 1.9,2,14.66,12.19, 9.94, 8.29, 6.95, 0.00, 2.43,98.45, 1.33, 0.00
89,1,30.47,2.53,31.62,1.60,0.39,11.35, 1.62,10.22,31.96, 711.4, 4.0, 1.7,2,16.77, 9.07,10.52, 6.36, 6.78, 5.72, 0.00,95.74, 0.00, 0.61
90,1,29.72,2.73,34.60,1.65,0.39,12.70, 1.11, 9.78,30.79, 709.4, 1.5, 0.7,1,16.03, 9.30,11.31, 9.54, 7.13, 0.36, 2.18,97.47, 0.00, 0.00
91,1,30.99,2.59,31.90,1.74,0.30,11.51, 1.60, 9.75,27.89, 708.8, 2.8, 1.2,3,15.93,11.83,10.51, 9.90, 7.21, 0.00, 0.00,*****, 0.00, 0.00
92,1,31.76,2.84,33.13,1.70,0.34,10.88, 1.18, 9.59,34.11, 850.9, 1.2, 2.1,1,21.17,13.66,11.02, 4.70, 8.09, 0.00, 2.69,97.40, 0.00, 0.28
93,1,31.89,2.90,33.52,1.65,0.32,11.84, 1.86,10.46,25.62, 711.7, 1.6, 2.2,3,18.45, 9.19,10.68, 9.39, 7.56, 0.00, 1.28,99.83, 0.00, 0.39
94,1,29.14,2.81,32.89,1.61,0.33,11.49, 1.52,11.73,31.63, 702.2, 4.6, 2.1,3,15.98,10.48, 9.86,10.55, 6.69, 0.00, 0.00,*****, 1.22, 0.00
95,1,30.75,2.90,33.61,1.74,0.33,12.30, 1.66,10.59,32.29, 702.9, 3.2, 1.0,1,18.80, 7.58,12.49,10.65, 6.99, 0.00, 0.00,*****, 3.06, 0.58
96,1,29.38,2.69,35.00,1.45,0.39,10.21, 1.14,11.73,27.40, 846.9, 4.9, 1.5,1,20.75,14.05,10.70, 4.33, 8.12, 0.00, 1.44,98.66, 1.76, 0.00
97,1,31.84,2.84,31.45,1.66,0.33,12.15, 1.53,11.40,26.78, 783.4, 2.7, 1.8,2,21.44,12.01,10.04, 7.20, 7.78, 1.06, 1.52,97.42, 0.00, 0.00
98,1,28.74,2.98,30.16,1.46,0.39,11.34, 2.46,10.99,30.40, 866.9, 2.6, 1.5,1,23.27,15.39,10.66, 5.77, 8.53, 1.48, 1.21,97.30, 0.00, 0.00
99,1,30.40,2.77,31.08,1.45,0.33,10.41, 1.22,10.24,33.40, 815.1, 4.2, 0.8,1,19.28,12.49,11.56, 5.64, 7.60, 0.56, 0.91,98.54, 4.43, 0.04
100,1,28.74,2.81,34.77,1.71,0.39,11.27, 1.94, 9.80,30.97, 789.5, 2.1, 1.4,1,17.82,11.05,10.58, 6.91, 7.20, 0.00, 1.49,*****, 3.03, 0.00
101,1,31.51,2.80,34.57,1.41,0.38,11.38, 2.16, 9.09,28.32, 806.1, 3.3, 0.7,2,20.03,13.05,11.32, 6.74, 7.82, 0.00, 0.39,*****, 0.00, 0.87
102,1,29.69,2.58,34.46,1.58,0.32,11.82, 1.42,11.46,31.83, 826.0, 2.6, 1.4,3,24.72,16.86, 9.91, 5.91, 7.89, 0.00, 0.61,*****, 3.29, 0.00
103,1,29.85,2.54,32.81,1.77,0.39,10.82, 1.10, 9.41,34.26, 870.9, 2.5, 0.8,3,25.45,18.93, 9.73, 5.16, 8.34, 2.51, 0.00,98.43, 1.55, 1.87
104,1,28.35,2.87,32.87,1.74,0.37,11.93, 1.82, 9.85,28.54, 877.2, 3.8, 0.5,2,24.95,17.44,10.10, 3.92, 8.54, 0.00, 0.00,*****, 1.40, 0.00
105,1,30.32,2.93,32.59,1.80,0.33,12.92, 1.66,11.86,28.92, 704.2, 4.8, 1.3,3,19.43,11.11,10.22, 9.61, 7.04, 1.34, 1.51,97.16, 0.93, 0.12
106,1,31.04,2.90,32.69,1.52,0.33,10.05, 1.97,11.20,27.01, 851.8, 3.8, 1.6,3,23.08,17.47, 9.26, 4.02, 8.49, 0.00, 2.97,98.38, 0.29, 0.00
107,1,28.62,2.84,31.35,1.63,0.30,10.16, 2.02, 9.91,33.14, 844.7, 1.6, 2.1,2,24.43,15.12,10.38, 4.60, 7.84, 0.00, 2.17,*****, 5.87, 0.00
108,1,30.89,2.92,31.13,1.70,0.36,12.25, 1.26,10.18,27.63, 720.5, 3.3, 2.1,1,18.69, 8.00,11.53, 8.98, 7.10, 1.89, 0.00,99.15, 3.16, 0.00
109,1,29.94,2.75,35.91,1.41,0.31,10.41, 1.25,10.83,26.23, 746.4, 2.7, 0.7,1,19.23, 8.80,11.58, 7.68, 7.16, 0.00, 0.00,*****, 3.81, 0.66
110,1,29.83,2.70,31.57,1.43,0.36,10.23, 1.06, 9.85,28.02, 852.9, 1.9, 1.1,2,23.33,16.41,10.83, 5.23, 8.16, 0.00, 3.11,99.92, 0.96, 0.00
111,1,28.28,2.57,31.98,1.77,0.33,11.79, 1.06, 9.81,30.29, 812.3, 1.6, 0.6,1,21.96,12.48,10.76, 6.26, 7.88, 0.00, 0.68,*****, 0.00, 0.00
112,1,30.56,2.91,35.93,1.59,0.31,11.08, 2.11, 9.97,34.09, 788.5, 4.5, 2.5,1,18.21,10.70,11.43, 8.66, 7.25, 0.00, 3.03,98.61, 0.49, 0.00
113,1,28.65,2.81,34.83,1.71,0.37,12.99, 1.96, 9.62,28.12, 761.6, 4.5, 1.7,2,18.81,12.37,10.58, 7.54, 7.44, 0.00, 0.00,*****, 0.00, 0.00
114,1,29.14,2.96,34.91,1.76,0.37,10.10, 1.41,10.42,32.69, 880.1, 3.1, 2.1,2,23.31,16.13, 9.67, 6.24, 8.60, 0.00, 0.00,*****, 0.00, 0.00
115,1,31.79,2.83,33.45,1.75,0.32,12.56, 1.97,11.55,25.60, 875.6, 1.4, 0.7,3,22.85,18.52,10.29, 1.52, 8.02, 0.00, 0.19,*****, 0.00, 0.42
116,1,29.70,2.83,35.19,1.40,0.39,12.93, 1.38,10.59,34.25, 886.8, 3.6, 1.0,3,26.50,16.55, 8.95, 4.54, 8.52, 0.00, 1.28,*****, 0.00, 0.00
117,1,31.79,2.88,34.47,1.55,0.39,12.95, 1.08, 9.48,34.08, 895.8, 3.8, 0.9,1,25.47,17.10,11.03, 2.93, 8.73, 0.00, 1.64,*****, 0.00, 0.00
118,1,28.65,2.75,30.56,1.79,0.32,10.31, 1.83,11.57,26.39, 712.9, 3.9, 2.3,2,16.84,12.35, 9.21, 9.31, 7.27, 1.02, 3.72,95.26, 2.59, 0.00
119,1,31.25,2.87,34.91,1.50,0.36,12.46, 1.51,11.97,31.52, 808.8, 1.6, 2.1,1,22.86,13.55,11.12, 6.16, 7.91, 0.00, 1.48,*****, 1.46, 0.00
120,1,30.37,2.72,31.12,1.42,0.31,11.15, 1.27,11.21,26.56, 833.8, 2.8, 2.2,3,23.13,17.11, 9.72, 5.60, 8.22, 4.51, 0.00,96.09, 0.00, 0.39
121,1,29.07,2.69,35.02,1.61,0.33,10.37, 1.61, 9.28,32.98, 731.5, 4.7, 1.8,2,19.01,11.34,10.75, 7.51, 7.42, 0.00, 0.37,99.89, 0.00, 0.69
122,1,30.95,2.76,30.85,1.66,0.30,12.81, 1.30,10.71,32.20, 836.1, 3.5, 0.6,3,22.79,15.93, 9.50, 3.96, 8.11, 0.22, 0.00,*****, 2.55, 0.00
123,1,28.84,2.95,32.24,1.44,0.30,10.70, 2.10,11.31,30.36, 798.8, 3.5, 2.5,1,18.66,10.92,10.76, 6.42, 7.50, 0.15, 0.00,*****, 3.14, 0.00
124,1,29.52,2.78,31.15,1.79,0.31,12.63, 2.27,10.18,26.01, 762.0, 2.6, 1.7,2,19.66,11.94,10.00, 9.25, 7.15, 1.44, 0.00,*****, 4.93, 0.00
125,1,28.18,2.71,30.44,1.69,0.33,11.32, 1.15,10.29,34.16, 764.8, 2.2, 1.1,1,18.91, 9.85,11.98, 6.53, 7.35, 0.25, 0.67,99.08, 2.28, 0.00
126,1,30.71,2.52,30.69,1.62,0.30,12.46, 2.39,10.23,32.06, 747.9, 2.5, 0.8,3,20.46,11.28,10.66, 6.15, 7.46, 2.95, 0.00,97.60, 0.00, 1.39
127,1,31.44,2.85,35.06,1.44,0.40,12.50, 1.47,11.23,25.65, 881.6, 4.6, 0.5,1,22.96,15.47,11.17, 3.58, 8.10, 0.00, 0.16,*****, 0.00, 0.00
128,1,29.69,2.86,35.45,1.58,0.37,10.91, 2.49, 9.97,29.43, 842.5, 2.0, 1.3,2,19.66,14.62,10.31, 4.50, 8.41, 1.91, 0.00,99.08, 0.00, 1.40
129,1,30.51,2.75,31.26,1.68,0.36,12.45, 1.60,11.58,31.65, 836.9, 1.4, 2.1,3,24.69,14.80, 9.02, 4.41, 7.73, 0.00, 0.00,*****, 1.77, 0.36
130,1,30.57,2.94,31.94,1.69,0.39,12.39, 1.62,10.99,30.93, 888.1, 4.9, 2.1,3,24.65,18.55, 9.89, 2.17, 8.43, 0.00, 0.00,*****, 0.22, 1.61
131,1,29.16,2.98,33.69,1.60,0.40,10.83, 1.88,10.26,29.02, 707.6, 1.3, 2.3,2,17.37,10.75, 9.98, 9.73, 7.12, 1.01, 0.00,*****, 0.00, 0.00
132,1,29.91,2.85,31.55,1.48,0.35,11.96, 1.52,10.52,32.49, 817.9, 2.0, 2.1,3,23.19,16.26, 9.49, 4.10, 8.05, 0.00, 0.00,*****, 2.92, 0.44
133,1,30.20,2.78,30.72,1.71,0.31,12.78, 2.20,11.79,26.74, 886.6, 4.4, 1.8,2,24.21,17.74, 9.89, 3.22, 8.66, 2.62, 2.43,94.95, 1.86, 0.81
134,1,28.92,2.50,33.86,1.77,0.36,12.48, 1.37, 9.61,34.74, 822.5, 3.2, 0.6,2,21.71,13.91, 9.52, 5.04, 7.52, 0.22, 0.15,99.63, 4.58, 0.49
135,1,29.22,2.90,35.00,1.64,0.40,12.22, 1.09,10.34,27.30, 864.8, 4.0, 1.2,1,24.43,14.36,10.61, 6.23, 8.42, 2.13, 0.77,97.09, 0.00, 0.00
136,1,30.75,2.61,30.84,1.60,0.34,10.85, 1.75,11.52,31.86, 727.8, 4.5, 1.5,2,19.98,12.12,10.51, 9.66, 7.49, 0.00, 1.99,99.18, 0.68, 0.00
137,1,29.01,2.58,34.99,1.49,0.38,10.49, 1.11, 9.47,27.71, 831.2, 3.4, 1.0,3,21.73,14.04, 9.59, 6.01, 8.21, 0.00, 0.00,*****, 0.73, 1.12
138,1,28.18,2.87,35.09,1.73,0.35,12.58, 1.27,10.60,25.07, 738.2, 4.1, 2.2,1,16.28, 9.45,11.54, 7.30, 6.93, 2.54, 2.58,94.88, 1.47, 0.00
139,1,29.84,2.95,35.43,1.45,0.32,11.71, 1.60,11.73,27.18, 886.8, 1.8, 1.9,1,22.49,14.51,10.20, 4.01, 8.43, 3.87, 0.48,95.65, 0.00, 0.91
140,1,31.70,2.87,34.99,1.42,0.31,11.20, 1.83, 9.36,30.72, 750.0, 2.9, 1.4,3,16.11,14.05, 9.52, 8.26, 7.04, 1.42, 0.00,99.09, 0.00, 1.81
141,1,30.08,2.51,33.03,1.77,0.38,12.84, 1.39,10.23,34.99, 780.1, 1.3, 2.2,2,19.30,10.88,10.74, 8.77, 7.68, 0.00, 0.00,*****, 0.00, 0.30
142,1,31.53,2.53,31.35,1.78,0.35,11.47, 1.75, 9.92,30.87, 818.5, 2.7, 0.9,3,21.85,17.23, 8.84, 6.30, 8.02, 0.00, 1.47,*****, 0.00, 0.42
143,1,31.72,2.96,32.04,1.41,0.38,10.92, 1.01, 9.80,32.49, 821.3, 4.3, 0.9,2,20.27,15.32,10.98, 3.37, 8.17, 0.00, 0.36,*****, 0.00, 1.19
144,1,31.87,2.78,33.25,1.66,0.38,11.81, 1.18,10.87,34.81, 743.7, 2.2, 0.9,1,18.08, 9.21,11.24, 7.92, 7.70, 2.70, 1.63,95.68, 0.00, 0.00
145,1,31.10,2.99,35.13,1.41,0.32,11.98, 1.20,11.87,34.48, 777.0, 2.6, 1.2,2,23.34,12.21,10.79, 5.58, 7.76, 2.26, 1.30,96.44, 1.06, 1.11
146,1,31.58,2.64,34.42,1.53,0.39,11.50, 2.02, 9.35,28.02, 845.0, 1.8, 2.3,1,21.24,12.31,10.66, 6.03, 8.51, 3.11, 1.76,95.14, 1.40, 0.02
147,1,31.66,2.64,34.19,1.63,0.33,11.35, 1.21, 9.53,30.54, 840.0, 3.3, 0.9,1,20.69,12.97,11.08, 6.71, 8.45, 0.30, 0.00,*****, 0.00, 0.00
148,1,30.46,2.83,30.67,1.80,0.37,10.92, 1.42,11.94,33.16, 847.4, 4.4, 0.6,1,21.11,15.58,12.15, 3.89, 8.38, 2.45, 0.00,98.22, 0.11, 0.00
149,1,31.19,2.92,34.99,1.68,0.35,10.64, 2.46,10.73,31.18, 811.0, 1.8, 0.7,2,20.48,13.24,10.92, 6.60, 7.87, 1.50, 0.00,99.37, 0.00, 0.00
150,1,31.71,2.71,35.56,1.71,0.37,12.20, 2.29,11.88,28.64, 759.4, 1.1, 2.3,2,20.68,12.11,10.46, 9.00, 7.29, 0.00, 1.06,*****, 0.90, 0.45
151,1,30.33,2.67,34.09,1.47,0.34,11.11, 1.04,10.06,28.31, 870.4, 1.9, 2.4,2,23.63,14.83,10.40, 5.59, 8.29, 0.00, 1.70,*****, 1.14, 0.00
152,1,30.87,2.67,33.19,1.55,0.31,11.54, 1.74,11.70,29.16, 850.8, 1.2, 2.4,2,24.66,16.16,10.27, 5.00, 8.42, 0.62, 0.66,98.72, 2.62, 0.04
153,1,28.82,2.92,31.35,1.53,0.33,12.41, 1.35,11.59,32.73, 722.6, 4.3, 2.4,3,19.50,12.22, 9.59, 7.80, 6.79, 0.00, 1.63,*****, 0.00, 0.10
154,1,30.62,2.86,35.58,1.47,0.35,10.16, 2.11,10.83,26.21, 808.5, 3.4, 2.4,2,20.76,13.76,10.56, 6.19, 7.64, 2.73, 0.32,96.94, 0.00, 0.06
155,1,28.52,2.88,31.70,1.60,0.40,12.74, 2.46, 9.86,29.71, 783.7, 2.7, 0.5,1,21.72,11.68,10.93, 6.64, 7.57, 0.00, 0.44,99.86, 2.93, 0.58
156,1,31.54,2.77,31.31,1.48,0.36,10.52, 1.91,10.42,25.31, 842.6, 2.0, 2.3,2,23.07,14.06, 9.94, 4.12, 7.82, 0.00, 0.00,*****, 1.90, 0.00
157,1,30.01,2.87,32.04,1.76,0.35,12.38, 1.58, 9.51,31.42, 775.8, 2.1, 1.9,1,19.95, 9.68,10.52, 8.39, 8.24, 0.94, 0.00,99.70, 0.36, 0.78
158,1,31.57,2.82,33.56,1.80,0.40,10.24, 2.36, 9.90,29.68, 793.8, 3.1, 2.3,1,20.76,13.12,10.98, 7.71, 7.22, 0.00, 0.00,*****, 2.81, 0.60
159,1,28.75,2.71,31.30,1.64,0.38,12.33, 2.05,11.07,31.13, 786.3, 3.6, 0.9,2,18.83,13.62, 9.77, 6.99, 7.63, 1.89, 0.00,99.52, 0.00, 0.00
160,1,28.45,2.63,30.46,1.52,0.38,12.25, 2.24,10.96,31.63, 854.4, 1.0, 1.8,1,24.53,14.92,10.53, 6.85, 8.95, 0.00, 0.82,99.46, 4.97, 1.13
161,1,31.13,2.89,31.70,1.49,0.35,12.83, 2.31, 9.21,30.08, 861.6, 3.5, 1.3,2,23.45,16.40,11.20, 5.42, 8.59, 0.00, 2.90,97.69, 0.00, 0.00
162,1,30.48,2.91,31.88,1.47,0.39,11.36, 1.36,11.01,31.34, 771.7, 3.2, 2.5,3,19.00,13.55, 9.76, 6.86, 7.70, 0.37, 1.06,98.56, 0.00, 0.00
163,1,30.38,2.74,33.82,1.41,0.38,11.21, 1.43, 9.18,30.70, 855.9, 4.5, 0.9,2,22.59,17.18, 9.78, 6.72, 8.26, 0.02, 0.32,99.66, 6.07, 0.00
164,1,30.15,2.65,34.46,1.67,0.35,12.52, 1.85,10.91,26.97, 814.6, 4.7, 0.6,1,21.14,11.53,11.12, 9.48, 7.75, 2.52, 1.18,96.30, 0.84, 0.00
165,1,31.12,2.97,34.42,1.77,0.37,11.68, 1.73,11.60,26.18, 849.0, 3.3, 0.7,3,22.02,16.70,10.09, 5.55, 8.15, 0.00, 0.00,*****, 6.48, 1.38
166,1,29.84,2.64,31.80,1.66,0.31,11.58, 1.97,10.36,29.36, 747.5, 4.1, 1.0,1,20.32, 8.40,11.56, 7.90, 7.19, 0.00, 1.00,*****, 0.00, 0.00
167,1,28.78,2.52,33.99,1.57,0.31,12.39, 1.88,10.47,27.94, 827.6, 1.3, 0.9,2,23.28,15.40, 9.98, 7.64, 7.87, 1.41, 1.28,97.31, 0.00, 1.47
168,1,31.71,2.64,31.57,1.70,0.34,11.78, 2.28,10.24,26.43, 756.8, 4.1, 2.1,3,19.94,12.15,10.46, 5.50, 7.26, 0.33, 0.79,98.88, 0.00, 0.49
169,1,29.99,2.93,32.84,1.50,0.31,11.42, 2.08,11.26,29.20, 729.0, 3.2, 1.9,2,18.96, 9.67,10.68, 6.82, 7.67, 0.46, 2.62,96.92, 1.55, 0.01
170,1,29.58,2.52,31.61,1.68,0.32,11.95, 2.38,11.20,28.44, 841.3, 3.1, 0.9,2,21.49,15.75, 9.78, 4.76, 8.28, 0.55, 0.00,*****, 1.61, 1.02
171,1,29.58,2.78,30.51,1.71,0.38,11.14, 1.22,10.30,30.91, 775.1, 4.3, 2.0,3,20.73,13.13,10.20, 6.78, 7.78, 0.07, 0.00,99.94, 0.08, 0.70
172,1,28.24,2.92,30.73,1.72,0.39,12.61, 2.00,11.88,27.59, 776.9, 2.7, 1.2,3,21.63,14.18,10.01, 6.07, 7.34, 1.22, 0.00,99.83, 0.00, 0.00
173,1,30.57,2.73,35.26,1.71,0.33,10.57, 1.84, 9.42,32.61, 845.4, 3.3, 1.8,3,20.08,16.75, 9.57, 4.51, 8.33, 1.66, 0.74,97.60, 4.42, 1.94
174,1,28.22,2.67,32.74,1.80,0.33,11.35, 1.20,10.66,26.77, 712.2, 2.0, 0.5,2,17.30, 9.85,11.16,10.94, 7.31, 0.32, 0.66,99.02, 0.00, 0.00
175,1,29.82,3.00,31.83,1.77,0.36,12.90, 2.34, 9.90,32.58, 800.9, 1.3, 1.1,2,17.57,12.27,10.02, 5.56, 7.86, 2.21, 1.59,96.20, 0.58, 0.23
176,1,28.35,2.75,30.73,1.46,0.32,12.49, 1.65, 9.78,29.56, 838.1, 4.6, 1.7,1,23.55,13.01,10.56, 5.89, 7.71, 0.00, 0.29,*****, 0.00, 0.00
177,1,30.11,2.97,31.07,1.57,0.37,11.63, 1.90, 9.16,28.55, 726.5, 3.3, 2.5,2,17.93,12.74,10.79, 8.13, 7.09, 0.52, 0.00,*****, 4.59, 0.00
178,1,28.23,2.66,32.29,1.64,0.37,12.85, 1.60, 9.04,25.22, 824.0, 3.3, 2.5,2,21.83,13.72,10.52, 5.96, 8.12, 3.22, 0.00,97.66, 0.00, 0.88
179,1,28.73,2.73,34.69,1.71,0.39,10.84, 1.64,11.20,32.53, 871.4, 3.0, 1.4,3,24.49,15.84, 8.52, 3.63, 7.86, 0.00, 1.00,*****, 1.06, 0.19
180,1,30.90,2.99,34.46,1.63,0.35,10.51, 1.80,11.95,30.38, 752.8, 1.3, 2.5,1,17.25, 9.17,12.15, 6.41, 6.96, 0.00, 1.24,*****, 2.02, 0.00
181,1,31.17,2.85,34.83,1.78,0.36,12.62, 1.53,10.85,34.11, 892.2, 4.7, 0.9,2,21.54,15.77,10.00, 4.11, 8.03, 0.00, 0.00,*****, 0.04, 0.00
182,1,29.21,2.58,32.11,1.78,0.31,11.80, 2.37, 9.45,34.92, 751.6, 2.8, 0.7,3,19.66,11.79, 9.98, 8.72, 7.55, 0.00, 0.00,*****, 0.00, 0.00
183,1,31.23,2.87,35.08,1.69,0.36,12.00, 2.11,10.94,29.34, 854.3, 1.3, 1.0,3,21.94,15.80, 9.90, 5.82, 8.34, 1.58, 0.00,99.41, 0.00, 0.00
184,1,29.34,2.71,33.91,1.59,0.37,12.54, 1.47,10.03,25.53, 854.9, 3.0, 1.4,1,22.12,13.59,10.66, 6.33, 7.70, 0.27, 0.79,98.93, 0.00, 0.00
185,1,29.28,3.00,33.72,1.74,0.38,12.61, 1.49,10.50,25.37, 782.8, 2.1, 2.1,3,19.54,13.70, 8.38, 4.75, 7.64, 1.03, 0.00,99.07, 0.00, 0.00
186,1,29.37,2.57,34.11,1.48,0.39,12.14, 1.65, 9.66,31.89, 735.2, 4.0, 1.4,2,19.41,10.99,10.96, 9.69, 7.27, 0.00, 0.00,*****, 4.99, 0.00
187,1,30.65,2.63,35.43,1.69,0.35,10.12, 2.28, 9.57,29.72, 888.9, 2.2, 2.0,1,20.52,16.18,11.09, 3.90, 8.41, 0.00, 0.00,*****, 2.99, 0.26
188,1,31.14,2.56,33.49,1.76,0.39,12.97, 2.13, 9.53,28.55, 778.8, 4.0, 1.5,2,20.10,11.49,10.90, 9.82, 7.89, 0.00, 2.73,97.81, 0.00, 0.00
189,1,28.18,2.86,30.83,1.46,0.33,12.04, 1.25,11.07,28.80, 896.4, 2.8, 0.8,1,26.07,15.14,10.81, 2.52, 9.01, 0.00, 0.17,*****, 3.99, 0.07
190,1,30.17,2.52,34.00,1.54,0.31,11.45, 2.07,10.23,33.41, 741.7, 3.2, 0.7,2,19.02,10.48,11.17, 7.87, 7.17, 0.00, 0.00,*****, 2.94, 0.18
191,1,30.86,2.84,34.61,1.71,0.34,12.10, 1.55,11.03,33.88, 700.9, 1.4, 2.4,2,17.27, 8.56,10.94, 9.30, 7.18, 1.89, 0.00,98.66, 0.00, 0.00
192,1,28.86,2.95,34.81,1.55,0.38,11.29, 1.14, 9.12,31.40, 897.0, 3.6, 0.9,2,25.23,17.59, 9.94, 2.92, 8.47, 1.69, 0.88,97.43, 3.01, 0.00
193,1,29.19,2.70,34.89,1.73,0.31,12.91, 1.20,10.04,27.89, 878.1, 3.8, 2.3,3,23.16,19.27, 9.79, 4.17, 8.36, 0.00, 0.00,*****, 0.76, 0.00
194,1,28.81,2.83,34.11,1.60,0.39,10.85, 1.93, 9.75,29.39, 763.7, 3.8, 0.6,1,18.62,10.24,11.64, 8.88, 7.10, 0.35, 2.64,97.01, 3.40, 0.00
195,1,30.57,2.88,35.76,1.65,0.34,12.97, 1.09,11.64,34.26, 769.7, 2.4, 1.6,1,13.96, 9.36,10.91, 8.78, 7.66, 0.00, 0.00,*****, 3.75, 0.83
196,1,30.57,2.60,30.02,1.43,0.33,10.40, 1.00,10.62,32.41, 705.6, 3.9, 1.2,1,17.68, 7.50,10.80, 9.29, 7.20, 0.00, 0.00,*****, 0.00, 0.00
197,1,30.25,2.73,35.53,1.60,0.38,12.62, 1.09,10.57,33.72, 800.0, 1.0, 1.9,3,19.25,15.68, 9.24, 5.34, 7.20, 0.00, 0.41,*****, 0.89, 1.01
198,1,29.85,2.92,32.86,1.80,0.36,11.20, 1.80,11.90,29.07, 768.4, 4.1, 1.9,3,20.58,14.26,10.44, 7.76, 7.51, 0.00, 0.00,*****, 0.00, 0.00
199,1,29.31,2.75,30.70,1.79,0.40,12.52, 1.52,10.19,27.05, 782.0, 4.5, 1.1,2,22.89,12.74,10.52, 7.62, 7.62, 0.00, 0.80,*****, 0.70, 1.07
200,1,30.33,2.50,31.92,1.54,0.31,11.70, 1.17,10.17,26.64, 830.8, 3.2, 1.8,1,18.45,13.20,10.86, 7.95, 7.85, 0.00, 0.00,*****, 1.54, 0.00
201,1,29.50,2.68,33.19,1.54,0.30,11.80, 1.04, 9.62,33.22, 706.0, 4.6, 1.4,2,18.49, 8.23,10.00,10.07, 6.50, 0.00, 0.00,*****, 0.00, 0.00
202,1,29.39,2.73,33.93,1.60,0.30,11.03, 2.39,11.91,34.00, 886.4, 4.5, 0.7,3,25.07,18.35, 9.70, 5.55, 7.98, 0.00, 0.01,*****, 0.00, 1.90
203,1,28.05,2.79,31.38,1.56,0.37,11.33, 1.35, 9.29,33.37, 873.6, 1.4, 1.1,1,24.33,15.10,10.68, 5.63, 8.86, 0.00, 0.00,*****, 0.00, 0.50
204,1,28.56,2.85,30.45,1.71,0.33,10.96, 1.68,11.39,33.44, 880.4, 4.2, 2.2,2,24.62,16.73, 9.71, 1.73, 8.60, 0.00, 0.55,*****, 0.00, 0.22
205,1,28.94,2.56,31.84,1.69,0.35,11.26, 1.35,10.95,28.10, 722.4, 1.2, 2.2,2,19.33,12.08,10.62, 6.38, 7.51, 1.73, 1.01,97.26, 1.37, 0.00
206,1,30.72,2.78,33.10,1.52,0.37,11.67, 1.07, 9.76,33.35, 748.2, 2.8, 2.2,3,20.06,12.48, 9.57, 7.65, 7.16, 1.64, 1.66,96.69, 4.51, 0.88
207,1,29.26,2.77,30.66,1.41,0.40,10.57, 1.11, 9.67,26.37, 899.1, 1.3, 1.3,2,22.27,18.29,10.54, 2.99, 8.56, 0.00, 0.00,*****, 3.36, 0.25
208,1,30.96,2.90,34.37,1.59,0.35,12.43, 1.88, 9.93,26.72, 894.4, 3.7, 0.8,2,21.94,19.16,11.31, 4.35, 8.44, 0.00, 0.89,*****, 0.00, 0.00
209,1,31.50,2.51,35.56,1.61,0.36,12.69, 2.38, 9.16,28.71, 706.6, 1.4, 1.7,1,16.17, 6.43,12.19,11.14, 6.54, 0.88, 0.00,*****, 0.00, 0.00
210,1,29.07,2.89,31.83,1.44,0.39,10.79, 1.29,10.03,28.46, 725.7, 3.0, 0.7,1,19.65, 9.78,11.47, 9.81, 6.90, 0.78, 2.53,96.70, 5.86, 0.37
211,1,30.64,2.88,33.19,1.44,0.36,11.80, 2.13, 9.88,31.21, 897.9, 1.9, 1.9,1,25.34,15.33,11.22, 4.86, 8.37, 0.00, 0.49,*****, 1.25, 1.15
212,1,31.87,2.84,31.35,1.53,0.39,11.84, 2.45,11.80,32.99, 875.5, 2.4, 1.3,2,26.29,16.52,11.00, 3.33, 8.95, 0.00, 0.55,99.97, 0.00, 1.60
213,1,29.47,2.63,31.52,1.59,0.34,10.43, 1.96, 9.72,25.85, 828.0, 1.3, 0.9,3,21.79,12.97, 9.74, 5.48, 7.60, 0.00, 0.00,*****, 0.21, 0.86
214,1,31.59,2.61,30.74,1.67,0.34,10.74, 1.82,10.18,33.94, 724.0, 4.9, 0.9,2,21.07,10.70,10.95, 8.14, 7.07, 0.00, 0.00,*****, 1.19, 0.84
215,1,29.93,2.76,35.11,1.41,0.30,11.37, 1.39,10.17,34.14, 895.3, 1.0, 1.4,3,21.69,19.12, 8.79, 2.05, 7.95, 1.90, 3.95,94.14, 0.40, 1.16
216,1,28.58,2.90,30.09,1.42,0.35,10.56, 2.07, 9.58,28.29, 721.4, 2.7, 1.7,3,20.88,12.98, 9.41, 8.57, 7.08, 1.97, 0.06,97.97, 1.40, 0.89
217,1,28.72,2.80,34.36,1.60,0.35,11.15, 1.68,11.85,28.22, 871.2, 2.6, 1.7,1,21.68,14.90,10.69, 6.02, 8.17, 0.25, 0.00,*****, 0.00, 0.00
218,1,28.16,2.93,34.61,1.56,0.35,10.49, 1.30,11.26,28.36, 798.9, 2.2, 0.6,3,19.59,15.59, 9.36, 7.12, 7.71, 0.00, 1.19,*****, 3.09, 0.00
219,1,30.14,2.61,30.55,1.43,0.39,10.25, 1.85,11.77,29.97, 807.7, 1.0, 2.0,1,20.62, 9.33,11.06, 8.07, 8.40, 1.03, 0.00,*****, 2.58, 0.00
220,1,31.10,2.84,33.84,1.79,0.33,11.17, 1.06,10.08,25.65, 844.4, 2.4, 2.4,1,20.28,12.49,10.74, 3.81, 7.94, 0.70, 1.49,97.81, 3.58, 0.00
221,1,31.48,2.78,35.93,1.74,0.38,11.73, 1.85,11.73,32.59, 708.1, 1.1, 0.9,2,16.56,10.18,10.07, 8.51, 6.98, 2.83, 2.32,94.85, 0.00, 0.50
222,1,29.79,2.88,35.51,1.47,0.33,12.50, 2.24, 9.58,31.37, 788.2, 2.7, 1.6,3,21.51,12.64, 9.89, 4.57, 7.36, 0.02, 0.00,*****, 0.17, 2.05
223,1,28.57,2.77,34.89,1.57,0.32,12.60, 1.62,10.24,34.48, 713.6, 4.0, 0.7,1,16.87, 7.61,10.72, 9.73, 7.32, 5.92, 0.00,95.64, 0.00, 0.69
224,1,28.27,2.81,31.10,1.46,0.37,10.92, 1.29,11.21,27.42, 737.9, 3.0, 1.5,2,15.84,12.06,10.32, 7.19, 7.27, 0.84, 0.00,*****, 0.00, 1.61
225,1,31.31,2.58,35.35,1.74,0.31,12.55, 2.32,11.95,27.71, 772.2, 2.2, 1.5,3,19.36,13.09,10.26, 5.21, 7.52, 2.11, 0.22,97.67, 0.00, 0.00
226,1,29.00,2.89,32.11,1.43,0.34,12.69, 1.39,10.08,31.20, 741.1, 2.2, 0.5,2,20.56, 9.75,10.55, 7.86, 7.63, 0.00, 0.00,*****, 2.54, 0.27
227,1,30.22,2.95,31.77,1.59,0.36,10.30, 1.57,10.08,32.25, 734.5, 1.9, 2.1,1,19.98, 9.02,11.63, 9.74, 7.39, 0.00, 0.00,*****, 3.20, 0.48
228,1,28.67,2.64,32.31,1.79,0.38,11.71, 2.30, 9.32,26.47, 761.8, 3.9, 1.8,1,18.49,11.19,11.12, 9.02, 8.07, 0.00, 0.00,*****, 0.00, 0.00
229,1,29.79,2.92,32.16,1.77,0.35,10.94, 1.26, 9.92,34.93, 853.4, 3.4, 0.6,2,22.11,16.69, 9.76, 7.32, 8.27, 1.34, 0.00,98.79, 0.00, 0.05
230,1,28.01,2.80,34.29,1.50,0.37,12.43, 2.17,11.60,27.29, 814.7, 1.7, 2.4,1,20.78,12.02,10.37, 6.26, 7.53, 2.26, 0.00,97.74, 0.51, 0.54
231,1,29.16,2.85,31.02,1.66,0.31,10.74, 1.33,10.45,26.25, 776.2, 3.2, 2.3,2,19.88,13.25,10.59, 6.02, 6.96, 0.00, 0.00,*****, 0.00, 0.35
232,1,29.56,2.96,31.50,1.62,0.35,11.80, 1.15, 9.93,29.82, 810.5, 3.9, 1.7,2,22.11,15.50,10.21, 5.97, 7.90, 0.00, 2.06,99.10, 0.00, 0.57
233,1,28.21,2.56,31.11,1.75,0.36,11.81, 1.52,10.52,26.02, 823.7, 3.7, 1.7,3,22.29,16.76,10.17, 3.07, 7.87, 0.00, 0.00,*****, 0.12, 0.58
234,1,31.06,2.97,34.28,1.74,0.30,10.23, 1.75, 9.64,27.81, 818.0, 2.4, 0.9,1,17.69,11.00,11.46, 6.84, 7.86, 0.00, 0.95,*****, 4.09, 0.34
235,1,28.74,2.75,30.38,1.41,0.39,10.97, 2.48,11.82,28.85, 843.7, 1.6, 0.9,1,22.96,13.93,12.14, 9.32, 8.33, 0.00, 0.39,*****, 0.76, 0.00
236,1,31.43,2.58,31.56,1.55,0.36,12.19, 2.00, 9.68,33.63, 805.2, 4.3, 2.5,1,20.28,12.72,11.80, 8.07, 8.30, 0.95, 0.00,*****, 4.41, 0.00
237,1,30.20,2.56,35.40,1.70,0.30,12.22, 1.27,10.03,28.98, 809.8, 2.7, 2.5,2,20.98,12.91,10.33, 6.72, 8.59, 0.00, 0.00,*****, 0.00, 0.18
238,1,30.51,2.59,32.48,1.62,0.30,12.72, 1.97, 9.61,30.23, 857.5, 4.7, 1.8,2,21.84,14.99,10.12, 5.13, 8.32, 0.00, 1.51,98.82, 0.90, 0.00
239,1,31.73,2.65,33.58,1.55,0.32,12.01, 1.85, 9.38,34.47, 758.7, 3.1, 0.6,2,18.88,11.60,10.30, 7.64, 8.07, 0.00, 2.91,98.28, 1.49, 0.00
240,1,30.51,2.83,32.48,1.59,0.34,11.21, 1.26,10.97,28.34, 712.0, 2.8, 2.3,1,18.68, 7.09,12.12,11.38, 7.42, 0.00, 0.21,*****, 0.00, 0.00
241,1,29.13,2.57,32.52,1.76,0.32,12.63, 1.07,10.20,26.13, 842.9, 1.3, 1.5,3,20.85,15.31, 9.16, 4.50, 7.94, 0.00, 0.00,*****, 0.50, 0.00
242,1,29.38,2.70,31.32,1.59,0.36,11.13, 2.07, 9.34,29.76, 864.6, 1.6, 0.7,2,23.07,15.82, 9.70, 5.27, 8.88, 0.24, 0.00,*****, 0.00, 0.00
243,1,28.52,2.63,31.57,1.53,0.34,10.22, 1.91,10.79,33.40, 720.8, 3.7, 2.3,2,16.74,11.51,10.47, 7.95, 7.69, 0.00, 0.91,*****, 1.32, 0.34
244,1,30.55,2.71,31.89,1.42,0.37,10.10, 2.04,11.37,25.80, 703.5, 2.8, 1.2,1,17.54, 5.79,11.14,10.50, 6.77, 2.41, 0.00,98.42, 3.94, 1.12
245,1,30.87,2.99,30.24,1.78,0.38,10.74, 1.36,11.30,32.39, 762.3, 1.2, 0.9,3,17.62,14.65, 9.48, 6.10, 7.89, 0.00, 0.00,*****, 1.32, 0.78
246,1,29.05,2.70,34.15,1.69,0.32,12.24, 1.12, 9.61,29.81, 732.1, 1.6, 1.1,1,17.24, 9.03,10.94, 9.11, 7.69, 0.00, 1.50,*****, 6.75, 0.59
247,1,30.65,2.53,30.01,1.55,0.36,10.46, 2.18,10.88,34.00, 875.2, 1.5, 1.6,1,26.37,15.35,10.01, 2.03, 8.80, 0.00, 0.00,*****, 1.93, 0.00
248,1,29.27,2.77,34.09,1.53,0.30,12.16, 2.35,11.70,33.51, 757.4, 4.0, 1.0,3,21.47,13.45,10.22, 8.68, 7.72, 0.66, 0.61,98.73, 0.00, 0.81
249,1,29.43,2.73,34.43,1.62,0.31,11.68, 1.42,11.28,27.12, 866.7, 4.3, 2.3,1,22.02,14.66,11.51, 6.16, 8.15, 1.63, 1.89,96.49, 0.00, 0.00
250,1,30.09,2.90,34.30,1.65,0.33,10.54, 1.41,11.41,32.88, 845.0, 2.9, 0.8,1,20.99,13.87,11.34, 5.27, 7.95, 0.00, 0.27,*****, 0.00, 0.00
251,1,31.92,2.97,34.86,1.59,0.34,12.52, 2.45,10.46,33.89, 820.7, 4.1, 0.8,3,21.10,14.38, 9.80, 6.79, 7.84, 2.63, 0.00,97.67, 1.26, 1.73
252,1,30.65,2.55,31.49,1.48,0.31,10.73, 1.31,10.79,29.51, 802.6, 3.2, 1.5,3,21.59,13.60, 9.83, 4.26, 7.54, 0.00, 0.00,*****, 3.09, 0.93
253,1,28.78,2.62,35.46,1.75,0.35,12.47, 2.35,10.48,25.76, 740.3, 2.5, 0.7,1,17.46, 8.82,10.40, 9.92, 6.82, 0.00, 1.01,99.68, 0.87, 0.00
254,1,30.82,2.87,33.64,1.55,0.35,12.85, 1.32, 9.57,34.58, 779.9, 2.1, 0.8,1,18.31,11.33,10.12, 6.66, 7.12, 0.00, 0.00,*****, 0.00, 0.88
255,1,31.83,2.65,31.04,1.61,0.36,12.14, 1.42,10.74,26.70, 764.7, 2.8, 0.8,3,19.92,14.38, 9.95, 6.72, 7.68, 0.00, 0.00,*****, 2.70, 0.72
256,1,31.21,2.92,35.66,1.51,0.32,12.27, 1.15,10.41,29.48, 746.9, 4.0, 0.6,3,23.30,13.20,10.35, 8.52, 7.70, 3.07, 0.31,96.61, 0.00, 0.00
257,1,31.34,2.80,31.51,1.73,0.40,12.94, 1.95, 9.47,34.30, 826.3, 2.3, 2.1,1,22.63,12.25,11.94, 5.13, 7.89, 0.79, 0.02,99.19, 0.00, 0.97
258,1,31.48,2.70,32.85,1.76,0.37,11.42, 1.32, 9.32,25.22, 802.2, 3.7, 1.3,2,23.26,11.75,10.66, 5.00, 7.64, 2.18, 0.96,96.86, 4.90, 0.46
259,1,30.60,2.58,35.36,1.74,0.30,11.18, 2.18, 9.91,31.28, 771.9, 4.0, 1.4,2,19.31,12.85, 9.89, 8.46, 7.99, 0.73, 0.41,98.87, 0.00, 0.00
260,1,31.49,2.74,35.50,1.40,0.34,11.10, 2.43, 9.57,25.97, 795.6, 3.4, 1.0,1,18.85,12.31,11.58, 8.52, 7.86, 1.72, 0.00,*****, 0.00, 0.00
261,1,29.79,2.53,31.56,1.68,0.31,12.94, 1.10, 9.20,32.56, 782.5, 2.9, 2.0,2,20.62,13.24,11.47, 9.01, 7.63, 1.41, 0.00,*****, 0.74, 0.21
262,1,28.82,2.70,34.75,1.74,0.32,12.34, 2.43,11.82,29.73, 793.7, 3.8, 1.8,3,18.90,13.64, 9.74, 6.97, 7.31, 0.00, 0.00,*****, 1.23, 0.00
263,1,31.74,2.57,35.96,1.50,0.38,10.04, 1.84,10.65,30.73, 765.4, 2.4, 1.6,3,19.65,13.55, 9.63, 7.97, 7.87, 2.22, 0.00,99.15, 0.00, 0.57
264,1,29.95,2.76,31.89,1.59,0.36,12.78, 1.92,11.41,33.75, 711.0, 1.0, 2.4,2,20.72,10.57,10.31, 7.18, 7.39, 0.61, 0.00,99.71, 0.00, 0.16
265,1,30.79,2.92,34.12,1.60,0.34,12.11, 1.30,10.62,30.97, 865.5, 1.9, 1.1,3,22.56,18.33, 9.14, 5.10, 8.40, 0.73, 0.00,*****, 2.36, 0.14
266,1,31.83,2.70,30.84,1.65,0.38,10.68, 2.17, 9.90,31.50, 701.0, 1.6, 1.2,1,19.24, 8.07,12.29,10.91, 7.15, 1.82, 0.12,98.07, 2.95, 0.49
267,1,31.46,2.51,32.81,1.40,0.38,11.85, 1.76, 9.97,31.16, 885.0, 4.1, 2.3,2,27.55,17.14, 9.66, 3.47, 8.65, 3.03, 0.54,96.43, 0.00, 0.00
268,1,30.00,2.67,30.54,1.46,0.35,13.00, 2.09,10.34,26.67, 745.1, 2.7, 1.8,3,20.13, 9.90,10.34, 6.66, 7.61, 0.00, 1.68,98.68, 1.97, 0.00
269,1,31.22,2.66,34.81,1.79,0.32,10.19, 1.92,10.17,26.21, 702.7, 2.8, 2.1,1,17.14, 8.20,11.60, 8.80, 6.80, 0.19, 1.51,98.30, 0.00, 0.00
270,1,30.43,2.84,34.09,1.42,0.31,12.54, 1.63,11.53,34.08, 897.4, 1.4, 2.3,2,26.21,17.05, 9.65, 3.59, 9.25, 0.56, 0.00,*****, 0.64, 0.00
271,1,31.38,2.76,34.17,1.71,0.34,12.36, 1.64,10.91,27.42, 783.5, 4.9, 1.9,1,19.35, 8.39,11.83, 7.47, 7.91, 1.78, 3.34,94.88, 0.00, 0.57
272,1,31.49,2.75,33.61,1.51,0.39,12.01, 1.48,11.09,28.60, 835.5, 2.4, 1.2,1,21.88,12.64,11.38, 4.21, 7.86, 3.92, 0.00,97.33, 0.00, 0.00
273,1,30.51,2.95,35.30,1.61,0.37,10.37, 1.35, 9.41,28.71, 834.9, 2.9, 1.3,1,21.29,13.90,10.75, 6.69, 8.43, 1.85, 0.00,99.42, 1.14, 0.63
274,1,30.15,2.79,33.04,1.47,0.39,11.55, 1.43,10.45,27.52, 816.9, 3.5, 1.5,3,22.94,15.87, 9.87, 3.81, 7.98, 0.00, 3.42,98.43, 0.00, 1.64
275,1,31.39,2.72,30.13,1.69,0.32,10.27, 1.33,10.47,26.92, 714.3, 5.0, 0.8,1,17.14, 7.28,12.02, 8.56, 6.98, 0.00, 0.00,*****, 3.80, 0.00
276,1,28.31,2.71,30.67,1.79,0.34,11.21, 1.70,10.36,31.45, 861.4, 3.3, 2.2,3,20.99,17.97, 9.34, 2.74, 8.25, 2.19, 0.00,99.38, 1.49, 0.00
277,1,28.84,2.99,31.24,1.45,0.34,10.60, 1.87,10.92,29.29, 874.7, 2.8, 2.2,3,23.48,18.46, 8.96, 4.51, 8.83, 0.00, 0.86,*****, 0.00, 0.00
278,1,28.90,2.66,33.03,1.62,0.33,11.73, 1.73,11.38,28.83, 764.9, 1.3, 2.0,3,16.06,14.15, 9.20, 6.88, 7.14, 0.00, 0.00,*****, 0.00, 0.28
279,1,31.93,2.52,33.04,1.45,0.40,10.44, 2.31,11.86,33.27, 816.5, 2.3, 1.1,3,22.01,14.46,10.25, 2.71, 7.76, 0.53, 0.06,99.40, 1.05, 0.00
280,1,31.11,2.95,33.34,1.64,0.35,10.52, 2.36,11.25,27.35, 868.5, 4.5, 0.6,1,21.30,15.30,10.46, 5.19, 8.29, 0.00, 0.47,99.82, 2.88, 0.85
281,1,30.75,2.84,30.28,1.79,0.35,11.73, 1.89,11.19,25.71, 829.3, 1.9, 2.4,1,24.22,14.23,11.02, 4.83, 8.13, 0.00, 0.00,*****, 0.00, 1.91
282,1,28.98,2.55,32.67,1.76,0.33,12.98, 1.54, 9.62,26.92, 738.9, 1.5, 2.5,1,18.81, 9.63,11.49, 9.51, 7.42, 0.00, 0.63,99.68, 0.00, 0.55
283,1,30.41,2.99,30.40,1.54,0.33,12.60, 2.33, 9.41,33.69, 865.2, 2.9, 1.4,2,22.29,17.18,11.48, 3.89, 8.28, 4.26, 0.00,96.41, 0.29, 0.00
284,1,30.06,2.65,30.10,1.48,0.36,11.46, 1.60,10.74,32.87, 731.0, 1.5, 2.0,3,18.89,13.07,10.17, 5.97, 7.35, 1.05, 0.00,*****, 2.82, 0.40
285,1,28.67,2.58,31.90,1.55,0.35,11.10, 1.36,10.02,27.45, 741.1, 2.4, 1.0,2,21.34,11.76,10.67, 8.93, 7.45, 2.92, 0.00,98.86, 5.54, 0.23
286,1,28.71,2.77,34.02,1.42,0.40,10.53, 1.93, 9.68,25.81, 771.8, 2.9, 2.4,3,20.44,13.73, 9.74, 6.78, 6.87, 1.64, 0.97,97.39, 0.45, 0.00
287,1,31.97,2.85,30.34,1.41,0.36,10.86, 1.11, 9.56,33.81, 793.3, 3.6, 2.2,1,19.98,13.35,11.39, 8.26, 7.81, 0.00, 0.00,*****, 3.19, 0.00
288,1,31.26,2.76,34.33,1.79,0.37,10.06, 2.32, 9.50,28.58, 779.0, 2.8, 1.2,1,18.73, 9.54,11.66, 8.78, 7.13, 1.95, 1.97,96.08, 0.00, 0.82
289,1,31.23,2.60,35.84,1.77,0.37,10.08, 2.19, 9.60,30.49, 870.8, 2.1, 1.3,1,19.96,15.39,11.13, 7.07, 8.60, 0.00, 0.00,*****, 0.00, 0.80
290,1,29.37,2.87,30.47,1.49,0.34,10.18, 1.34,10.05,26.86, 738.3, 3.1, 0.6,3,16.33,14.53,10.27, 6.86, 7.57, 0.00, 0.00,*****, 3.85, 0.00
291,1,31.50,2.80,31.04,1.55,0.38,12.42, 1.38, 9.36,27.96, 849.0, 3.3, 2.1,1,22.54,13.92,10.75, 6.28, 8.55, 0.00, 0.00,*****, 0.00, 0.00
292,1,29.32,2.88,32.96,1.59,0.38,10.32, 2.45,10.89,26.78, 825.9, 2.5, 1.1,3,21.23,17.12, 9.14, 5.78, 7.97, 0.21, 1.60,98.19, 5.72, 0.00
293,1,30.56,2.57,34.94,1.50,0.32,10.15, 1.53, 9.65,25.03, 889.2, 3.7, 0.6,1,21.85,14.46,10.20, 3.38, 8.23, 1.06, 0.00,99.93, 0.16, 0.45
294,1,29.25,2.94,35.70,1.42,0.34,11.91, 1.07, 9.68,28.96, 818.4, 1.5, 1.7,3,23.67,15.28, 9.34, 6.21, 7.24, 1.06, 0.00,99.93, 0.00, 0.98
295,1,28.71,2.84,32.93,1.47,0.31,12.97, 1.84, 9.17,31.55, 829.0, 4.0, 0.9,1,21.51,13.28,11.25, 6.39, 8.28, 0.00, 0.38,99.76, 0.00, 0.00
296,1,31.68,2.67,35.21,1.68,0.33,10.31, 1.28, 9.82,25.81, 707.6, 1.0, 0.9,3,16.88,11.55, 9.72, 8.69, 7.26, 0.00, 0.75,*****, 0.00, 0.05
297,1,28.15,2.80,35.38,1.44,0.39,12.32, 1.35, 9.40,30.32, 898.6, 2.9, 1.1,1,24.98,15.43,11.06, 3.71, 9.04, 1.21, 0.10,98.69, 0.00, 0.00
298,1,28.26,2.80,33.19,1.54,0.31,11.31, 1.94,10.64,34.66, 792.7, 3.8, 0.7,2,21.81,14.28, 9.64, 7.35, 7.72, 0.94, 1.23,97.82, 0.00, 0.80
299,1,28.92,2.80,33.39,1.74,0.39,10.65, 1.20, 9.43,27.70, 866.3, 4.0, 1.3,2,23.09,16.01,10.63, 4.47, 8.14, 0.00, 0.73,*****, 0.00, 0.38
300,1,29.35,2.54,32.73,1.65,0.36,12.08, 2.06,10.04,27.60, 711.2, 2.5, 2.1,3,16.56,11.20, 9.43, 8.66, 6.92, 0.00, 3.50,97.17, 3.53, 1.13
301,1,29.70,2.75,32.71,1.78,0.35,12.64, 1.12,10.07,25.57, 794.5, 3.5, 2.1,2,17.50,15.45,10.99, 7.94, 7.95, 0.31, 0.57,99.12, 4.76, 0.00
302,1,31.90,2.84,35.15,1.64,0.37,12.05, 1.89, 9.18,25.27, 740.5, 3.9, 1.3,2,20.20,11.13,10.62, 7.68, 7.45, 0.17, 0.00,*****, 0.00, 0.95
303,1,31.49,2.70,30.60,1.50,0.36,10.19, 2.18,10.57,27.46, 810.4, 1.2, 2.2,3,21.77,15.21, 9.31, 5.97, 7.93, 1.12, 0.00,*****, 0.00, 0.00
304,1,30.56,2.92,33.98,1.60,0.34,12.51, 1.80,11.48,29.69, 711.8, 3.1, 1.5,3,17.16,13.40,11.20, 8.72, 6.65, 0.00, 0.00,*****, 2.43, 0.00
305,1,30.45,2.65,33.40,1.55,0.31,12.75, 1.21,10.26,33.99, 893.5, 1.1, 0.6,1,24.75,15.52,10.66, 3.74, 8.14, 0.00, 3.06,*****, 0.00, 0.55
306,1,29.13,2.88,33.61,1.64,0.35,11.41, 1.60, 9.61,32.15, 706.8, 3.6, 2.4,2,16.64, 9.91,10.32, 7.73, 6.92, 0.00, 1.57,*****, 0.00, 0.06
307,1,29.04,2.84,34.25,1.65,0.34,11.80, 1.62,10.86,33.77, 717.0, 2.8, 1.0,2,14.67, 9.52, 9.50, 5.95, 7.30, 0.00, 0.00,*****, 0.00, 0.00
308,1,28.92,2.59,33.45,1.56,0.34,12.19, 1.43,10.54,28.06, 772.4, 4.1, 1.9,1,20.61,10.17,10.69,10.37, 7.18, 1.76, 0.00,99.61, 0.00, 0.39
309,1,29.28,2.70,33.50,1.43,0.33,11.14, 1.19,10.54,27.60, 709.0, 1.2, 0.7,3,18.39,11.14,10.36, 7.46, 6.90, 0.00, 1.98,*****, 0.00, 0.00
310,1,29.24,2.69,33.62,1.73,0.40,12.95, 1.85,11.73,29.33, 701.5, 4.4, 0.8,2,15.49, 9.50,10.26, 7.88, 6.92, 2.06, 0.00,*****, 1.03, 0.29
311,1,28.04,2.88,35.04,1.70,0.39,11.33, 1.90, 9.08,31.45, 762.8, 2.1, 2.3,1,17.87, 9.67,11.29, 9.36, 7.48, 0.00, 0.00,*****, 1.27, 0.18
312,1,30.11,2.73,34.49,1.69,0.34,12.54, 1.18, 9.04,25.62, 763.6, 2.6, 2.1,2,20.14,11.22,10.95, 8.37, 7.00, 0.62, 0.67,98.71, 1.63, 0.00
313,1,30.41,2.95,34.13,1.47,0.32,12.75, 2.18,10.79,26.10, 715.1, 3.6, 2.3,2,17.25,11.79,11.10,10.55, 7.25, 2.65, 1.75,95.60, 2.19, 0.76
314,1,30.82,2.82,31.60,1.64,0.32,11.81, 1.37,11.44,31.16, 737.4, 4.7, 1.3,1,17.35, 7.32,11.96, 9.44, 7.27, 2.03, 1.28,96.68, 0.00, 0.53
315,1,28.72,2.75,30.60,1.64,0.35,11.28, 1.24,10.28,26.20, 739.2, 3.9, 2.5,1,18.96, 8.28,11.04, 9.37, 7.34, 0.00, 0.32,*****, 3.27, 0.00
316,1,29.25,2.95,35.91,1.71,0.32,12.85, 1.86,11.06,32.01, 834.4, 1.1, 1.0,3,25.13,16.22, 8.84, 4.70, 8.03, 1.01, 0.56,98.42, 0.00, 0.63
317,1,29.25,2.72,34.14,1.45,0.35,11.92, 2.40,10.47,29.12, 700.5, 3.2, 2.4,2,17.03, 9.59,10.62, 8.07, 6.33, 0.00, 0.00,*****, 3.56, 0.06
318,1,31.10,2.85,30.62,1.73,0.35,10.08, 1.57, 9.69,31.42, 814.1, 1.5, 1.5,3,20.63,16.77, 9.19, 3.77, 8.22, 0.00, 0.37,*****, 3.32, 0.56
319,1,29.84,2.53,30.89,1.67,0.33,11.03, 2.07,10.80,27.47, 799.2, 1.0, 2.2,3,23.62,13.36, 8.87, 5.55, 7.16, 0.00, 0.00,*****, 0.44, 0.00
320,1,30.02,2.58,33.19,1.44,0.32,12.95, 1.77,11.68,34.47, 809.9, 4.6, 1.8,1,19.67,10.36,12.10, 6.51, 7.49, 1.19, 0.00,*****, 0.00, 0.00
321,1,28.24,2.51,32.92,1.60,0.30,12.04, 1.78,11.39,30.18, 847.8, 2.8, 0.6,2,20.54,13.54, 9.30, 5.50, 8.29, 0.48, 1.61,97.91, 0.00, 0.00
322,1,31.76,2.85,33.37,1.75,0.31,10.77, 1.62,11.17,27.41, 721.7, 1.3, 1.9,3,17.20,11.77,10.25, 8.51, 6.97, 3.56, 0.41,96.03, 0.00, 0.00
323,1,30.98,2.88,34.66,1.42,0.39,11.60, 2.35,11.21,29.49, 749.1, 2.9, 2.2,3,20.03,13.48,10.89, 6.33, 7.39, 0.00, 0.00,*****, 1.37, 1.23
324,1,30.55,2.80,33.52,1.60,0.39,12.97, 1.33,11.67,33.16, 775.8, 1.7, 0.8,2,20.87,13.53,10.18, 7.17, 7.73, 0.00, 1.72,*****, 3.18, 0.00
325,1,30.02,2.74,34.20,1.69,0.30,12.91, 1.84,10.92,33.85, 868.6, 4.6, 1.2,3,24.36,17.76, 8.84, 2.99, 8.07, 0.00, 0.00,*****, 0.00, 0.00
326,1,30.49,2.79,30.79,1.75,0.33,10.73, 2.07, 9.72,33.63, 755.5, 1.9, 1.5,2,16.34,12.27, 9.76, 8.17, 7.37, 0.00, 1.16,99.65, 1.75, 0.00
327,1,28.48,2.60,33.70,1.50,0.31,10.39, 1.59,10.32,26.69, 868.4, 4.2, 2.1,2,24.85,15.72,10.93, 3.19, 8.44, 0.00, 2.29,98.89, 2.11, 0.00
328,1,31.37,2.83,30.14,1.47,0.35,11.37, 1.35, 9.77,28.81, 834.6, 1.6, 1.6,2,23.71,15.72,10.41, 4.80, 8.26, 1.87, 0.00,98.31, 0.00, 1.00
329,1,30.96,2.80,31.44,1.58,0.38,11.58, 1.16,11.09,33.65, 796.5, 3.5, 2.4,2,20.18,12.07,10.51, 8.16, 8.14, 0.00, 0.00,*****, 1.52, 0.00
330,1,30.36,2.73,32.07,1.46,0.38,12.94, 2.33, 9.91,25.82, 835.9, 3.1, 1.2,3,26.31,14.87,10.77, 2.51, 8.48, 0.32, 0.00,*****, 3.08, 1.08
331,1,31.62,2.61,32.89,1.44,0.36,10.22, 1.42,11.28,30.71, 897.2, 3.4, 1.6,3,26.65,19.91, 9.31, 3.69, 8.77, 0.00, 1.89,*****, 5.22, 0.11
332,1,28.94,2.87,32.68,1.58,0.40,10.34, 1.64,11.68,26.87, 802.0, 4.6, 1.7,3,22.32,13.60, 9.20, 4.62, 7.36, 0.00, 1.10,*****, 0.00, 0.00
333,1,29.57,2.72,35.61,1.71,0.32,10.42, 2.48,10.20,29.11, 897.0, 1.6, 2.2,3,24.35,17.95, 9.22, 2.40, 8.16, 0.36, 0.07,99.57, 2.89, 0.25
334,1,29.64,2.56,35.26,1.56,0.35,11.77, 1.78, 9.53,33.47, 762.5, 2.8, 2.3,3,19.42,14.08,11.01, 7.58, 6.89, 0.00, 0.00,*****, 0.00, 0.90
335,1,31.08,2.76,30.35,1.43,0.32,12.05, 1.65, 9.26,26.90, 853.8, 1.3, 1.4,1,23.58,15.09,10.93, 6.05, 8.75, 3.62, 0.00,96.77, 0.53, 0.00
336,1,30.09,2.77,35.49,1.48,0.31,11.09, 2.48,11.34,33.20, 801.8, 2.4, 2.1,1,21.32,10.51,11.04, 8.30, 6.98, 1.56, 0.59,97.85, 0.44, 0.00
337,1,31.52,2.86,33.83,1.47,0.39,12.70, 2.10,10.00,34.15, 728.3, 3.0, 1.4,1,20.91, 8.04,11.67,11.27, 7.06, 2.09, 1.02,96.89, 0.00, 0.28
338,1,29.64,2.70,35.57,1.80,0.31,10.83, 1.11,10.70,30.68, 824.5, 4.1, 1.0,1,20.76,13.21,11.17, 7.31, 8.04, 0.00, 0.00,*****, 0.00, 0.00
339,1,29.32,2.80,35.19,1.68,0.31,12.11, 1.44, 9.03,34.38, 800.0, 3.3, 0.7,1,19.51,11.31,11.54, 8.71, 7.83, 0.00, 0.00,*****, 0.00, 0.00
340,1,29.31,2.74,35.50,1.52,0.33,11.64, 1.18, 9.71,27.53, 754.2, 4.0, 2.4,3,17.96,13.86, 9.17, 5.23, 7.21, 2.82, 0.00,97.90, 0.00, 0.00
341,1,29.00,2.57,32.73,1.49,0.32,12.09, 1.96,10.95,26.54, 800.3, 2.6, 0.9,2,20.55,14.44,10.30, 6.11, 7.70, 0.00, 0.00,*****, 0.00, 0.96
342,1,28.61,2.51,30.59,1.49,0.33,12.27, 1.41,10.70,25.06, 874.0, 3.5, 1.8,1,24.53,14.92,11.26, 2.03, 8.01, 1.51, 0.00,*****, 0.45, 0.00
343,1,29.50,2.79,33.78,1.41,0.37,10.19, 1.55,10.34,30.37, 733.8, 2.6, 0.7,1,19.61, 8.69,11.41,11.41, 6.79, 1.51, 0.01,98.48, 1.92, 0.14
344,1,28.31,2.75,31.17,1.74,0.36,10.72, 2.15,10.61,26.44, 897.5, 3.0, 1.3,2,27.69,17.29, 9.85, 4.08, 8.84, 0.00, 1.34,*****, 1.15, 0.00
345,1,30.65,2.53,33.15,1.71,0.37,10.73, 1.98,11.58,26.53, 849.0, 2.1, 2.1,2,23.12,14.85,11.49, 4.57, 8.61, 4.02, 0.00,97.69, 2.10, 0.00
346,1,31.94,2.90,32.42,1.67,0.40,10.29, 1.29, 9.47,31.36, 817.4, 4.7, 0.6,3,21.36,15.01,10.59, 4.34, 7.54, 0.00, 0.00,*****, 0.00, 0.00
347,1,28.98,2.92,31.33,1.51,0.34,12.39, 1.67,10.14,34.78, 804.9, 2.8, 1.7,2,19.60,13.56, 9.31, 3.05, 7.83, 0.20, 1.82,97.98, 0.00, 0.00
348,1,31.42,2.69,31.97,1.50,0.31,11.14, 1.68,11.52,33.71, 855.1, 1.8, 1.4,3,22.31,14.78, 9.69, 6.50, 8.65, 0.00, 1.97,98.71, 0.00, 0.60
349,1,29.00,2.94,31.46,1.74,0.30,11.27, 2.18,10.59,33.66, 803.0, 3.1, 1.6,3,22.14,15.13,10.19, 4.02, 7.43, 0.07, 0.00,*****, 0.00, 0.00
350,1,29.07,2.57,32.02,1.66,0.33,10.86, 1.48,11.54,29.77, 867.0, 2.7, 2.4,2,21.10,15.52, 9.52, 5.73, 8.40, 0.00, 0.00,*****, 0.00, 0.00
351,1,28.89,2.88,33.11,1.72,0.36,12.47, 1.72,11.19,34.30, 847.0, 4.8, 0.6,3,20.33,16.77, 8.98, 4.77, 7.39, 3.17, 0.00,97.21, 0.00, 0.08
352,1,29.38,2.77,31.73,1.73,0.39,12.73, 1.11, 9.67,27.76, 884.9, 4.9, 1.7,2,21.44,16.49,10.51, 4.30, 8.36, 0.00, 0.00,*****, 0.63, 0.00
353,1,28.22,2.84,30.41,1.59,0.36,11.55, 1.96, 9.63,31.36, 868.2, 1.3, 2.3,2,26.50,19.70,10.72, 6.07, 8.61, 0.00, 0.00,*****, 0.00, 0.16
354,1,31.25,2.65,32.90,1.70,0.40,12.78, 1.91, 9.15,32.24, 787.8, 3.9, 1.0,1,21.97,10.66,10.64, 8.26, 7.70, 0.00, 0.00,*****, 0.15, 0.57
355,1,29.12,2.69,32.37,1.50,0.33,12.96, 2.26, 9.70,34.04, 844.3, 2.5, 0.5,1,22.21,12.09,10.67, 3.08, 8.45, 2.00, 1.32,96.68, 1.84, 0.00
356,1,29.42,2.54,33.71,1.58,0.39,11.17, 1.41, 9.04,32.49, 814.4, 4.7, 1.3,2,21.39,13.95,10.08, 6.60, 7.41, 0.00, 0.49,*****, 0.70, 0.00
357,1,29.21,2.88,31.43,1.61,0.32,12.12, 1.51,10.56,25.02, 758.2, 1.3, 1.2,3,18.22,14.51, 9.72, 6.09, 7.78, 2.13, 2.10,95.77, 0.00, 0.00
358,1,28.81,2.54,31.86,1.43,0.35,11.57, 1.23,10.58,25.32, 814.9, 1.1, 1.9,3,19.51,13.49, 9.58, 6.17, 7.72, 0.00, 2.20,99.74, 2.35, 0.84
359,1,30.33,2.66,31.00,1.46,0.35,11.06, 2.14, 9.87,30.39, 851.7, 2.8, 1.0,3,22.09,18.34,10.21, 3.05, 8.04, 0.01, 1.38,98.61, 1.92, 0.00
360,1,29.15,2.73,31.88,1.66,0.30,11.02, 1.39, 9.58,30.20, 707.1, 3.6, 1.0,2,17.06,10.22,10.29, 8.05, 6.98, 0.00, 0.00,*****, 0.00, 0.15
361,1,30.72,2.94,31.03,1.54,0.30,10.50, 2.07, 9.41,25.98, 877.4, 1.1, 2.0,1,22.13,14.70,11.15, 5.09, 8.55, 0.00, 0.44,*****, 0.00, 0.99
362,1,30.72,2.83,30.64,1.50,0.38,10.26, 2.41,10.06,25.40, 890.6, 1.1, 2.4,3,23.90,18.81, 9.40, 4.36, 8.72, 0.00, 0.00,*****, 4.33, 0.00
363,1,29.35,2.92,34.75,1.72,0.35,11.01, 1.10,11.94,26.97, 774.0, 1.5, 0.8,2,21.22,12.31,10.47, 5.99, 7.56, 0.00, 0.00,*****, 5.35, 1.22
364,1,31.50,2.77,33.84,1.51,0.35,12.09, 1.56,10.73,30.14, 731.6, 3.8, 1.5,3,18.39,12.65,10.31, 6.88, 7.10, 0.00, 0.00,*****, 2.62, 0.72
365,1,28.60,2.70,33.54,1.56,0.36,11.21, 1.52,10.16,34.40, 788.4, 1.4, 1.6,2,21.40,14.27, 9.94, 5.19, 7.49, 1.71, 0.62,97.67, 0.00, 0.93
366,1,28.47,2.60,32.77,1.65,0.35,10.41, 1.64,10.53,25.14, 706.7, 3.5, 1.6,2,14.67, 9.43,10.71, 8.92, 7.20, 0.00, 1.43,*****, 0.00, 1.13
367,1,31.13,2.63,32.08,1.74,0.38,11.41, 2.21,10.67,26.09, 894.5, 5.0, 1.5,2,21.32,16.88,10.35, 1.72, 8.67, 0.00, 1.69,*****, 2.27, 0.27
368,1,28.44,2.72,35.97,1.79,0.37,12.53, 1.79,11.76,29.50, 772.4, 3.4, 0.6,1,18.63,10.27,10.37, 9.11, 7.55, 0.00, 0.00,*****, 0.00, 0.00
369,1,31.01,2.82,31.46,1.77,0.31,11.08, 1.18, 9.22,34.97, 899.6, 2.6, 2.2,2,22.66,16.74,10.81, 3.99, 8.90, 0.00, 0.00,*****, 0.00, 0.00
370,1,28.47,2.71,33.23,1.71,0.35,12.85, 2.38,10.94,29.66, 729.4, 1.1, 1.0,2,20.11,10.78, 9.58, 8.22, 7.36, 0.00, 0.24,*****, 0.20, 0.00
371,1,28.39,2.86,34.21,1.69,0.30,12.40, 2.41,11.30,33.55, 744.0, 1.3, 2.1,3,17.08,11.95, 8.84, 8.60, 7.69, 0.00, 0.00,*****, 0.00, 0.23
372,1,31.69,2.57,30.48,1.48,0.38,11.37, 1.76, 9.70,26.83, 886.1, 2.1, 0.7,1,25.88,14.99,11.93, 2.39, 9.15, 0.00, 0.00,*****, 0.00, 0.35
373,1,28.04,2.56,32.45,1.46,0.38,11.68, 2.49,10.42,27.44, 830.6, 4.0, 2.5,3,19.74,17.30, 9.50, 4.62, 7.61, 0.00, 0.35,*****, 1.20, 0.00
374,1,31.06,2.79,35.06,1.73,0.38,12.89, 1.13,11.33,28.88, 821.2, 4.0, 0.6,1,20.83,11.10,11.76, 6.41, 7.70, 0.00, 0.00,*****, 0.00, 1.42
375,1,28.82,2.87,35.59,1.51,0.35,12.65, 1.48,10.93,33.08, 798.1, 2.5, 1.3,3,20.08,13.72, 9.19, 5.95, 7.67, 0.00, 0.61,*****, 0.00, 0.79
376,1,30.53,2.58,33.15,1.72,0.37,11.50, 1.92,11.47,27.96, 707.8, 3.2, 2.0,3,19.10,12.09, 9.95, 7.61, 7.36, 0.37, 0.00,*****, 1.86, 0.00
377,1,31.26,2.59,35.51,1.47,0.37,12.78, 2.38, 9.85,32.37, 895.8, 4.3, 1.9,3,22.69,17.43,10.35, 3.20, 8.80, 0.67, 0.00,*****, 0.00, 0.00
378,1,30.53,2.51,32.33,1.67,0.34,10.36, 1.97,10.75,28.76, 765.0, 2.3, 1.7,3,20.81,13.16, 9.80, 7.47, 7.24, 0.36, 0.00,*****, 1.50, 0.46
379,1,30.25,2.74,35.52,1.40,0.39,12.07, 2.48,11.96,33.03, 797.5, 2.2, 2.0,2,17.17,12.41,10.38, 6.05, 7.72, 0.93, 1.17,97.90, 0.13, 1.86
380,1,29.50,2.70,33.30,1.62,0.38,12.96, 1.71, 9.48,25.73, 828.0, 3.4, 0.9,1,22.76,12.72,10.58, 7.00, 8.26, 0.00, 0.00,*****, 2.30, 0.00
381,1,28.23,2.78,35.10,1.59,0.36,11.54, 1.88,11.72,33.58, 712.8, 2.9, 0.7,3,16.09,11.97,10.04, 8.82, 6.68, 3.94, 0.82,95.23, 0.00, 0.59
382,1,31.20,2.50,35.54,1.76,0.36,11.40, 2.24,11.83,32.56, 836.2, 1.3, 0.5,2,21.59,15.23, 9.90, 4.33, 8.24, 4.38, 2.28,93.34, 0.00, 0.64
383,1,29.40,2.85,32.44,1.48,0.35,11.20, 1.66,11.33,34.94, 794.8, 2.6, 2.5,2,20.42,13.36, 9.51, 4.21, 8.07, 0.53, 0.00,*****, 0.58, 0.00
384,1,30.98,2.86,30.04,1.62,0.40,11.19, 2.21, 9.56,32.73, 837.5, 4.9, 1.4,2,21.47,14.00,10.14, 4.73, 8.21, 1.04, 2.83,96.13, 0.00, 0.00
385,1,31.22,2.74,34.10,1.46,0.32,10.74, 2.44, 9.14,34.65, 866.5, 2.3, 2.4,2,24.25,15.76,10.31, 4.08, 8.27, 3.93, 0.00,96.46, 0.00, 0.00
386,1,30.22,2.72,32.80,1.42,0.33,11.31, 2.47, 9.97,30.88, 817.6, 2.4, 1.6,1,23.35,12.95,10.24, 5.23, 7.82, 1.24, 0.89,97.87, 0.00, 0.00
387,1,31.41,2.78,31.13,1.50,0.38,11.08, 2.19, 9.14,29.02, 776.4, 4.4, 1.6,2,21.02,15.46,10.32, 7.20, 7.73, 1.04, 0.00,*****, 3.36, 1.87
388,1,31.03,2.95,34.85,1.60,0.37,10.42, 1.88,10.73,30.32, 838.6, 1.6, 0.6,1,21.25,12.80,10.33, 6.15, 7.77, 0.59, 1.48,97.94, 2.24, 0.00
389,1,30.25,2.57,31.71,1.55,0.36,10.64, 2.05, 9.91,31.90, 717.2, 2.1, 0.7,3,18.26,11.94,10.06, 6.37, 7.73, 1.98, 0.00,99.67, 0.47, 1.68
390,1,30.71,2.85,33.04,1.50,0.34,11.27, 1.30,11.79,26.64, 834.4, 3.6, 1.9,3,22.90,17.21, 9.85, 4.90, 8.05, 0.00, 0.00,*****, 0.46, 0.42
391,1,30.40,2.77,33.01,1.48,0.35,11.54, 1.68,10.03,34.88, 874.7, 2.3, 1.3,2,25.47,15.38, 9.82, 4.15, 9.08, 0.00, 0.00,*****, 0.80, 0.00
392,1,28.55,2.85,32.83,1.70,0.37,10.31, 2.19,10.41,33.41, 829.4, 3.2, 1.3,1,19.85,14.02,11.69, 6.70, 8.05, 0.00, 2.46,*****, 0.04, 0.76
393,1,31.21,2.95,35.10,1.69,0.33,10.67, 2.40, 9.86,28.16, 791.4, 4.2, 0.5,2,18.23,13.87, 9.67, 7.59, 7.17, 2.75, 2.17,95.08, 2.64, 0.00
394,1,28.24,2.70,30.92,1.43,0.39,10.66, 2.44, 9.04,27.36, 789.8, 3.1, 2.0,3,23.22,15.21,10.44, 6.24, 7.99, 0.00, 0.00,*****, 2.76, 0.59
395,1,29.86,2.71,31.17,1.61,0.39,10.80, 2.12,10.50,25.54, 848.6, 4.2, 2.0,3,23.67,17.73, 8.72, 3.45, 8.23, 0.00, 0.00,*****, 0.30, 0.56
396,1,31.75,2.96,31.52,1.56,0.34,12.69, 2.32,10.35,25.86, 730.2, 3.7, 2.2,2,16.60,11.60,10.48, 6.26, 7.48, 2.18, 0.00,98.45, 2.47, 0.00
397,1,28.83,2.90,31.11,1.72,0.34,11.86, 2.09,10.39,25.55, 790.8, 1.8, 1.3,2,23.19,13.15,10.25, 7.67, 7.83, 0.39, 0.38,99.23, 1.29, 0.00
398,1,30.04,2.94,31.19,1.63,0.37,12.81, 1.02,10.09,32.28, 743.8, 1.8, 1.9,1,18.00, 9.92,11.09, 7.55, 7.50, 0.00, 0.80,*****, 0.00, 0.44
399,1,28.87,2.84,33.22,1.58,0.37,10.95, 1.25,11.39,28.99, 892.7, 2.3, 2.2,2,25.25,15.99, 9.49, 4.65, 8.03, 1.42, 0.29,98.29, 1.81, 0.00
400,1,31.86,2.78,30.48,1.77,0.30,12.75, 1.57,10.32,26.95, 711.4, 1.6, 1.6,1,15.91, 7.71,11.57, 9.10, 7.08, 0.00, 1.17,99.83, 3.09, 0.01
401,1,30.00,2.65,34.88,1.54,0.33,11.98, 1.79, 9.49,33.15, 866.8, 3.3, 0.5,3,21.63,16.31, 9.72, 3.98, 8.36, 2.45, 1.12,96.43, 3.30, 0.00
402,1,31.08,2.73,33.38,1.45,0.35,12.75, 2.25, 9.71,29.29, 822.0, 3.6, 1.2,3,20.73,16.07, 9.35, 3.58, 8.38, 0.00, 2.36,98.80, 0.00, 0.00
403,1,31.17,2.80,32.64,1.72,0.39,12.51, 1.13, 9.73,27.85, 749.2, 2.8, 2.0,2,18.35,11.06,11.37, 7.44, 7.56, 1.58, 0.00,99.23, 0.00, 0.50
404,1,28.83,2.82,31.51,1.47,0.39,10.11, 1.93,10.72,29.17, 755.5, 2.9, 1.2,1,19.03, 8.56,11.90, 8.71, 7.55, 0.00, 0.00,*****, 0.00, 0.23
405,1,31.68,2.71,34.07,1.46,0.34,12.23, 1.08, 9.14,30.82, 800.0, 3.4, 1.2,3,18.86,14.89, 9.23, 6.54, 8.09, 0.00, 1.20,*****, 0.00, 0.00
406,1,30.63,2.67,31.61,1.62,0.39,10.55, 2.31, 9.51,27.37, 865.5, 3.2, 1.8,2,22.95,14.85,10.14, 3.65, 8.69, 0.00, 0.00,*****, 1.86, 0.00
407,1,31.50,2.76,35.35,1.48,0.35,11.20, 2.37,10.86,33.00, 720.8, 2.8, 2.0,1,15.72, 9.27,11.40,11.43, 6.92, 0.00, 0.80,*****, 0.00, 0.00
408,1,31.28,2.82,35.26,1.42,0.37,10.07, 2.13,11.99,33.80, 765.4, 2.0, 2.5,3,18.42,14.03, 9.76, 6.90, 7.21, 0.14, 3.11,96.75, 0.00, 0.00
409,1,31.97,2.53,34.19,1.55,0.35,12.77, 1.76,11.01,27.47, 884.0, 3.5, 0.6,3,22.74,18.75, 9.58, 4.23, 8.58, 0.00, 0.00,*****, 2.13, 0.00
410,1,29.73,2.93,31.97,1.58,0.34,10.86, 1.42, 9.59,33.85, 722.5, 2.5, 2.4,2,17.85, 9.61,10.32, 6.89, 7.51, 1.40, 0.00,99.36, 2.61, 0.00
411,1,30.52,2.95,32.05,1.63,0.38,10.95, 2.34,11.19,29.31, 728.6, 4.6, 2.3,1,15.92,10.77,11.64, 9.16, 8.01, 0.00, 1.29,99.67, 0.00, 0.00
412,1,30.50,2.88,30.73,1.48,0.34,11.24, 2.50, 9.14,27.79, 791.0, 4.4, 1.8,3,22.02,13.95, 9.96, 5.89, 7.92, 3.40, 0.00,97.13, 7.37, 1.31
413,1,30.99,2.87,31.13,1.58,0.30,10.47, 1.48,10.01,25.47, 852.4, 1.9, 1.8,3,21.72,16.56,10.01, 7.31, 7.66, 0.52, 2.64,96.84, 0.00, 0.00
414,1,30.35,2.50,31.15,1.51,0.35,12.69, 1.39, 9.51,28.52, 823.3, 2.8, 2.4,3,20.84,16.93,10.33, 5.24, 7.66, 1.34, 0.81,97.85, 0.00, 0.35
415,1,28.24,2.93,32.90,1.69,0.32,10.38, 1.32,11.19,30.89, 892.6, 4.9, 1.6,3,23.18,19.39, 8.91, 2.52, 8.59, 0.00, 0.41,99.59, 0.00, 0.29
416,1,31.71,2.53,35.31,1.52,0.38,12.99, 1.81,10.26,30.72, 732.3, 2.9, 2.4,1,16.27, 8.89,10.58, 8.42, 7.08, 0.65, 0.58,98.77, 0.00, 0.00
417,1,30.39,2.79,33.50,1.56,0.36,12.66, 2.48,10.47,30.63, 776.1, 1.1, 0.8,1,18.79,10.39,11.11, 9.88, 7.25, 0.00, 1.49,*****, 0.00, 0.00
418,1,28.98,2.56,30.86,1.67,0.38,12.68, 2.43,11.79,25.76, 755.2, 1.6, 1.3,1,20.30, 8.32,11.27, 9.19, 7.07, 0.00, 0.00,*****, 0.00, 0.88
419,1,29.42,2.76,34.62,1.78,0.37,12.89, 2.13,11.90,31.72, 761.0, 4.7, 1.9,3,19.95,13.01,11.08, 8.17, 7.12, 0.00, 0.00,*****, 0.00, 0.00
420,1,30.96,2.74,31.71,1.64,0.36,11.81, 1.95, 9.18,26.19, 852.5, 4.1, 2.1,2,25.14,15.87,10.30, 3.40, 8.07, 0.35, 0.00,*****, 5.39, 0.00
421,1,28.22,2.74,33.32,1.60,0.33,11.80, 1.70,10.93,30.07, 786.7, 1.5, 2.0,1,19.87,11.88,10.79, 6.97, 7.65, 0.79, 0.67,98.54, 3.10, 1.04
422,1,28.45,2.84,32.18,1.60,0.35,10.05, 1.86,11.07,26.41, 895.9, 2.2, 0.8,3,23.27,18.51, 9.78, 5.05, 8.35, 0.00, 0.00,*****, 0.00, 0.00
423,1,28.43,2.85,35.84,1.57,0.32,12.46, 1.72,10.52,33.98, 717.4, 2.3, 1.5,3,15.39,11.89,10.07, 9.04, 7.18, 0.00, 3.14,97.45, 1.30, 0.00
424,1,29.29,2.87,32.95,1.60,0.34,11.89, 1.15,10.50,30.74, 781.8, 2.6, 0.5,3,21.23,14.16, 9.59, 6.87, 7.54, 0.00, 0.00,*****, 4.96, 0.00
425,1,28.20,2.88,33.89,1.62,0.33,12.66, 1.42,11.26,32.43, 782.8, 1.0, 1.9,1,18.60,13.04,11.30, 6.85, 7.09, 0.00, 1.17,*****, 0.00, 0.50
426,1,28.30,2.97,30.41,1.56,0.39,12.76, 1.14,10.36,25.59, 798.8, 1.8, 1.6,2,22.30,13.68,10.82, 7.47, 8.07, 0.65, 0.16,99.19, 0.00, 0.00
427,1,28.30,2.62,32.82,1.46,0.33,10.46, 1.64,11.49,26.10, 805.4, 3.4, 1.7,2,20.24,13.50, 9.52, 6.87, 7.80, 0.69, 0.21,99.09, 1.41, 1.28
428,1,29.85,2.71,30.54,1.57,0.39,12.29, 1.50,11.06,30.53, 883.7, 4.5, 2.0,1,21.12,14.03,10.36, 3.78, 8.75, 0.00, 0.00,*****, 0.23, 0.00
429,1,31.82,2.80,30.66,1.44,0.39,12.78, 1.69,11.59,30.26, 700.7, 4.4, 2.3,2,18.60, 8.37,10.64, 8.80, 7.55, 3.77, 0.00,96.76, 1.63, 0.60
430,1,30.50,2.88,33.30,1.80,0.38,11.92, 1.56,10.03,34.44, 824.0, 2.9, 1.4,1,21.95,13.58,11.25, 5.21, 7.75, 0.00, 1.87,*****, 0.00, 0.00
431,1,29.69,2.64,31.07,1.61,0.40,11.05, 1.81,11.89,27.94, 811.3, 1.5, 1.0,3,20.53,13.94,10.08, 5.97, 7.41, 1.01, 1.45,97.54, 0.00, 0.07
432,1,31.62,2.97,32.83,1.70,0.32,12.43, 2.36,10.06,32.74, 786.4, 2.9, 0.9,2,21.65,13.73,11.25, 7.24, 8.25, 0.13, 0.01,99.86, 0.00, 0.02
433,1,29.22,2.69,34.99,1.80,0.39,12.87, 1.31, 9.70,28.17, 817.3, 3.5, 1.3,3,21.49,17.05, 9.42, 7.48, 7.39, 0.28, 0.58,99.14, 0.00, 1.33
434,1,28.55,2.65,32.65,1.57,0.30,11.99, 1.28, 9.26,31.82, 830.7, 4.7, 0.9,2,21.27,14.21,10.48, 3.69, 7.85, 0.00, 0.00,*****, 0.00, 0.00
435,1,30.05,2.80,35.40,1.45,0.35,10.57, 2.40,10.45,26.22, 869.5, 1.5, 0.7,3,22.71,17.60, 9.10, 3.37, 8.34, 4.07, 0.00,96.64, 0.27, 0.39
436,1,28.92,2.73,32.41,1.43,0.38,11.41, 1.02, 9.08,26.94, 787.4, 4.9, 1.1,3,18.53,13.59, 9.57, 5.59, 7.64, 0.00, 2.01,*****, 0.00, 0.34
437,1,31.57,2.89,34.16,1.57,0.37,10.37, 1.38, 9.78,31.90, 849.1, 2.5, 1.5,3,22.33,18.01,10.18, 5.48, 8.06, 0.71, 3.03,96.26, 2.04, 0.00
438,1,30.97,2.60,32.48,1.57,0.30,11.08, 2.13,11.22,33.87, 817.3, 1.5, 1.0,1,20.09,10.87,11.09, 6.82, 7.61, 0.00, 1.73,99.77, 0.00, 0.00
439,1,30.97,2.55,31.06,1.66,0.31,12.22, 1.36,10.69,26.76, 859.3, 3.3, 2.0,1,24.40,13.94,11.92, 4.80, 8.90, 0.00, 0.00,*****, 0.00, 0.36
440,1,30.88,2.85,35.01,1.53,0.39,10.11, 1.99,10.42,26.10, 807.8, 1.3, 2.5,2,22.09,12.38,10.86, 4.21, 7.64, 0.00, 1.73,98.40, 2.11, 0.97
441,1,31.02,2.73,30.56,1.65,0.30,10.17, 2.18,11.39,25.38, 788.2, 3.8, 2.5,3,20.26,15.07, 9.42, 6.62, 7.53, 0.00, 0.00,*****, 0.00, 0.73
442,1,30.65,2.95,30.77,1.76,0.38,10.76, 1.58,11.54,33.36, 769.4, 3.1, 1.9,3,21.58,13.58, 9.42, 5.35, 7.55, 0.00, 3.44,99.02, 0.58, 0.00
443,1,28.40,2.72,35.58,1.48,0.40,10.24, 2.48, 9.83,27.15, 769.6, 1.6, 1.9,3,18.66,11.80, 9.36, 7.33, 7.18, 0.00, 0.00,*****, 0.19, 0.00
444,1,31.02,2.75,35.94,1.49,0.31,10.36, 1.66,10.24,34.71, 707.1, 4.8, 0.7,2,17.75, 9.43,10.42,10.29, 7.02, 0.00, 0.00,*****, 0.21, 0.47
445,1,28.68,2.89,30.65,1.64,0.37,10.64, 2.19, 9.37,32.51, 774.2, 1.9, 2.1,3,19.28,14.27, 9.67, 7.23, 7.34, 1.35, 0.00,*****, 0.00, 0.00
446,1,30.37,2.93,35.46,1.77,0.36,12.88, 1.67, 9.18,31.44, 729.1, 2.9, 2.3,1,17.46, 9.66,12.45,11.30, 7.14, 0.00, 0.00,*****, 0.93, 0.00
447,1,30.43,2.74,31.12,1.74,0.38,12.79, 2.02, 9.58,28.81, 899.6, 4.0, 0.5,1,23.77,15.27,11.39, 4.81, 9.13, 0.40, 0.00,*****, 0.00, 0.82
448,1,29.85,2.81,31.57,1.80,0.38,10.60, 1.82,11.03,31.78, 884.3, 3.1, 1.4,1,23.05,14.61,11.23, 2.39, 8.36, 0.00, 0.00,*****, 0.00, 0.86
449,1,31.30,2.55,33.03,1.43,0.38,12.14, 1.57,11.16,33.72, 758.9, 3.3, 2.1,3,20.40,13.68,10.32, 8.06, 7.22, 0.00, 0.40,99.99, 0.00, 0.60
450,1,29.43,2.83,30.15,1.56,0.31,12.44, 1.52,10.48,33.01, 858.3, 4.8, 2.3,2,24.53,15.50,10.35, 4.22, 7.94, 0.00, 0.83,*****, 3.20, 0.00
451,1,28.77,2.57,31.60,1.43,0.32,12.77, 1.53,11.74,25.62, 781.0, 1.2, 1.0,1,20.88,11.59,10.58, 6.95, 7.88, 0.00, 0.00,*****, 2.43, 0.31
452,1,31.59,2.74,31.67,1.79,0.35,11.91, 2.11,10.00,29.96, 764.7, 4.2, 1.6,2,20.41,10.62,10.63, 8.40, 8.00, 0.00, 2.53,98.80, 0.00, 0.22
453,1,31.69,2.77,32.73,1.60,0.36,10.48, 2.09, 9.72,33.88, 757.3, 3.5, 0.5,1,19.63, 8.95,11.66, 7.03, 7.75, 0.00, 1.25,99.18, 4.39, 0.00
454,1,28.02,2.80,32.62,1.44,0.36,10.03, 1.18,11.52,29.23, 753.3, 2.5, 1.2,2,17.05,10.26,10.74, 9.95, 7.79, 0.00, 0.80,*****, 0.00, 1.53
455,1,30.02,2.89,30.46,1.71,0.38,11.64, 1.15,11.64,27.84, 820.0, 4.3, 1.5,1,22.17,13.32,11.38, 6.62, 7.92, 3.91, 0.00,96.81, 1.28, 0.00
456,1,31.34,2.96,34.23,1.48,0.36,10.47, 1.74, 9.56,29.90, 813.3, 1.6, 1.1,3,20.99,14.81, 8.97, 4.94, 7.76, 2.36, 0.89,96.75, 0.00, 0.84
457,1,29.06,2.70,33.17,1.71,0.31,11.87, 1.74,11.45,34.62, 898.1, 4.2, 0.9,1,26.20,17.45,10.87, 4.76, 8.05, 0.00, 1.91,*****, 0.00, 0.00
458,1,30.89,2.94,31.17,1.51,0.32,10.08, 1.69,10.12,29.82, 871.9, 3.5, 2.1,2,22.91,16.23,10.50, 7.21, 8.11, 0.00, 1.80,*****, 0.00, 0.00
459,1,31.21,2.54,32.48,1.76,0.30,12.54, 1.54,11.84,31.23, 846.5, 4.5, 0.9,2,20.29,13.60,10.80, 5.65, 8.13, 0.00, 0.00,*****, 0.65, 1.70
460,1,30.93,3.00,30.79,1.42,0.39,10.54, 1.52,11.29,26.33, 857.0, 4.2, 0.8,2,23.64,16.37, 9.71, 5.13, 9.22, 0.42, 0.00,*****, 0.00, 0.05
461,1,28.81,2.78,34.46,1.52,0.34,12.53, 2.35,10.30,27.76, 727.2, 3.2, 2.1,1,13.93, 9.89,10.65, 9.67, 7.10, 0.00, 0.00,*****, 1.24, 0.00
462,1,28.69,2.84,35.02,1.61,0.39,11.03, 1.33, 9.38,28.24, 890.1, 1.1, 0.9,3,21.77,18.04, 8.74, 5.20, 8.33, 0.00, 0.00,*****, 1.65, 0.08
463,1,31.65,2.55,32.75,1.55,0.38,12.54, 1.78,11.95,28.12, 794.4, 3.9, 1.1,1,19.72,10.48,12.27, 8.42, 7.58, 1.53, 0.08,98.39, 0.00, 0.00
464,1,30.86,2.61,32.80,1.53,0.36,12.07, 1.37,10.12,27.22, 877.3, 2.7, 0.9,3,23.22,17.30, 9.56, 4.66, 8.25, 1.74, 0.89,97.37, 0.00, 0.40
465,1,31.86,2.58,35.76,1.55,0.36,10.17, 1.96,10.03,26.28, 709.1, 2.6, 2.4,3,20.45, 9.98, 9.45,10.67, 7.67, 0.00, 0.10,*****, 0.26, 0.00
466,1,30.70,2.94,31.32,1.61,0.30,10.80, 2.33,10.80,32.11, 892.2, 4.7, 1.4,1,24.87,14.34,11.44, 3.02, 8.44, 0.11, 0.00,*****, 0.00, 0.50
467,1,29.76,2.53,32.85,1.73,0.38,12.10, 1.68, 9.72,26.48, 861.9, 3.4, 1.0,3,22.86,17.64, 9.58, 5.30, 8.42, 0.64, 0.00,99.97, 0.00, 0.00
468,1,30.83,2.83,34.03,1.64,0.40,11.85, 1.67,10.50,33.02, 818.0, 1.3, 1.9,2,21.48,14.89, 9.73, 6.11, 7.67, 0.00, 3.51,98.78, 1.49, 0.00
469,1,29.09,2.91,30.24,1.57,0.38,11.35, 1.77,10.58,33.53, 821.8, 3.2, 0.9,2,19.06,14.13,10.75, 6.10, 8.70, 0.00, 0.24,*****, 0.00, 0.57
470,1,29.06,2.90,30.07,1.62,0.33,12.64, 2.50,10.99,31.13, 787.2, 1.2, 2.5,1,18.78,12.06,11.98, 6.20, 8.09, 0.00, 0.00,*****, 1.15, 0.00
471,1,29.08,2.58,32.21,1.59,0.30,11.42, 2.09,11.15,29.67, 800.8, 3.8, 2.3,2,23.79,14.28,10.91, 8.15, 7.63, 4.91, 0.00,95.87, 3.15, 0.00
472,1,30.50,2.55,30.77,1.47,0.33,11.17, 1.08, 9.87,29.77, 892.6, 2.9, 2.0,1,24.11,15.05,10.04, 2.92, 9.16, 0.00, 0.00,*****, 0.00, 0.00
473,1,31.96,2.75,33.34,1.44,0.32,10.41, 1.07,10.13,25.84, 711.6, 4.3, 2.3,3,18.99,10.24,10.56, 9.13, 7.08, 1.18, 0.77,98.05, 1.61, 0.41
474,1,29.89,2.52,34.88,1.44,0.37,10.40, 1.30,11.70,32.28, 887.5, 2.6, 1.8,2,21.80,15.54,10.35, 4.99, 8.05, 1.47, 0.00,*****, 2.22, 0.00
475,1,31.17,2.83,35.06,1.54,0.33,11.45, 1.23,12.00,33.23, 702.4, 1.5, 2.2,3,18.68,12.10,10.81, 8.51, 6.88, 2.52, 2.01,95.47, 0.00, 0.00
476,1,30.86,2.63,31.81,1.58,0.31,12.66, 1.49,11.92,31.96, 788.7, 1.2, 1.6,3,21.47,15.48, 9.81, 7.24, 7.39, 4.30, 0.07,95.62, 0.00, 0.73
477,1,30.50,2.84,35.40,1.60,0.32,12.04, 1.84,11.45,31.38, 783.9, 2.2, 2.2,2,18.31,12.20,10.83, 7.18, 7.60, 0.00, 0.61,*****, 2.10, 0.00
478,1,30.53,2.61,31.59,1.57,0.36,12.13, 2.07,11.17,30.67, 723.4, 4.3, 2.3,3,19.53,10.43,10.54, 9.55, 7.19, 0.00, 0.00,*****, 5.33, 1.21
479,1,30.79,2.69,30.94,1.44,0.33,11.77, 1.69,11.26,31.12, 807.0, 3.3, 1.2,1,21.10,11.76,10.86, 7.02, 8.18, 0.02, 0.00,*****, 1.61, 0.00
480,1,28.58,2.72,30.19,1.61,0.32,11.80, 1.78, 9.89,34.17, 851.8, 4.2, 1.7,1,22.70,14.53,11.32, 5.35, 8.50, 0.00, 0.17,*****, 1.67, 0.00
481,1,28.78,2.92,31.37,1.61,0.31,10.32, 2.32,11.08,29.56, 704.2, 2.7, 2.5,2,15.10, 8.61,10.25, 7.84, 6.90, 0.00, 2.45,97.56, 2.00, 0.27
482,1,31.85,2.79,34.23,1.66,0.40,10.97, 2.25,11.28,31.10, 815.7, 1.0, 1.4,2,20.28,16.27,10.79, 5.08, 8.15, 0.68, 1.96,97.35, 0.00, 0.44
483,1,30.00,2.61,34.47,1.51,0.40,10.41, 2.11,10.55,33.16, 830.1, 4.5, 1.2,3,21.51,15.41,10.44, 4.88, 8.19, 1.66, 0.00,98.58, 0.73, 0.00
484,1,28.31,2.71,33.62,1.49,0.34,11.21, 2.26, 9.56,28.54, 750.2, 3.8, 1.1,2,18.15,11.43,10.81, 7.07, 7.50, 0.00, 0.00,*****, 0.98, 0.00
485,1,28.37,2.75,33.56,1.71,0.40,10.64, 1.03,10.28,26.95, 812.8, 2.3, 1.6,1,20.66,10.72,11.19, 5.90, 8.30, 2.45, 2.91,94.64, 0.15, 0.00
486,1,29.79,2.88,31.01,1.77,0.30,10.87, 2.13,11.09,25.60, 740.8, 4.8, 1.4,1,16.50, 8.61,10.40, 8.30, 7.15, 0.50, 0.00,*****, 1.83, 0.99
487,1,31.42,2.90,30.18,1.63,0.38,11.53, 1.74,10.25,28.57, 790.9, 1.8, 2.4,3,22.04,14.09,10.82, 7.07, 7.81, 2.07, 1.35,96.58, 0.18, 0.00
488,1,30.78,2.56,30.87,1.63,0.31,11.59, 1.97,11.42,33.21, 779.8, 2.5, 2.0,2,22.43,10.81,10.26, 4.98, 7.50, 1.96, 0.85,97.19, 0.00, 0.00
489,1,30.98,2.67,34.29,1.58,0.32,11.15, 2.28,11.61,30.57, 899.9, 1.9, 1.7,2,22.89,15.55, 9.54, 4.60, 8.62, 0.45, 0.00,99.83, 0.83, 0.00
490,1,29.00,2.67,31.90,1.78,0.34,10.72, 2.12,11.19,30.74, 728.4, 2.0, 1.9,2,18.91,12.74,10.66, 7.63, 7.31, 0.02, 0.92,99.07, 4.54, 0.47
491,1,29.51,2.99,31.31,1.60,0.32,11.10, 1.04, 9.30,29.74, 824.2, 3.8, 0.6,3,22.43,16.67,10.15, 4.10, 7.69, 0.00, 0.00,*****, 0.00, 0.34
492,1,31.23,3.00,34.53,1.76,0.40,10.10, 2.06, 9.01,34.87, 828.9, 1.6, 1.3,2,23.09,12.79,10.34, 6.34, 7.90, 1.01, 1.13,97.86, 0.00, 0.00
493,1,31.10,2.98,31.18,1.69,0.37,10.73, 1.52,11.80,25.20, 848.5, 2.1, 2.1,3,23.94,16.93, 9.58, 6.00, 7.93, 0.00, 0.00,*****, 0.00, 0.00
494,1,28.81,2.62,30.33,1.66,0.40,12.23, 1.80, 9.99,27.70, 767.6, 4.3, 0.6,2,20.84,12.51,10.44, 7.65, 7.56, 1.68, 2.68,95.63, 1.23, 0.00
495,1,28.38,2.61,32.53,1.57,0.36,10.09, 2.05,11.31,34.22, 807.5, 3.5, 2.0,2,21.73,12.61, 9.08, 5.71, 7.46, 0.00, 0.87,*****, 0.00, 0.19
496,1,31.41,2.69,34.49,1.56,0.40,11.94, 2.07, 9.10,32.57, 842.6, 4.0, 2.5,1,22.96,13.23,10.35, 7.04, 7.79, 0.00, 0.81,*****, 2.30, 0.30
497,1,30.32,2.68,32.30,1.52,0.36,11.91, 2.31, 9.10,30.55, 826.3, 4.2, 2.1,2,20.66,13.22,10.15, 6.85, 7.76, 0.00, 0.56,*****, 0.00, 0.00
498,1,31.02,2.61,34.68,1.77,0.40,10.91, 1.95,11.91,29.46, 770.6, 4.1, 2.0,2,19.24,11.52,10.32, 6.16, 7.01, 0.00, 0.13,*****, 0.00, 0.00
499,1,28.66,2.67,33.73,1.58,0.30,12.75, 2.49,11.57,27.33, 709.0, 3.1, 1.5,3,17.10,12.86,10.76, 8.66, 7.02, 1.13, 0.00,*****, 0.76, 0.00
500,1,28.73,2.74,31.34,1.50,0.31,11.59, 1.05,11.10,34.29, 741.1, 1.5, 1.7,3,20.20,12.43,10.46, 7.91, 7.76, 0.00, 0.00,*****, 0.00, 0.00
501,2,31.79,2.75,32.97,1.58,0.31,10.65, 1.93,11.39,33.83, 521.5, 1.0, 0.6,0, 0.63, 0.00, 0.00, 0.00,-0.35,55.51,46.67, 0.00, 3.72, 0.00
502,2,30.80,2.91,33.07,1.42,0.31,11.93, 1.32,11.56,26.76, 688.4, 2.2, 0.4,0, 0.00, 0.00, 0.00, 1.66,-0.34,51.22,46.22, 2.55, 0.00, 0.81
503,2,29.28,2.94,31.91,1.73,0.32,10.57, 1.40, 9.43,29.32, 645.2, 2.2, 0.5,0, 1.95, 0.00, 0.00, 0.67,-0.26,48.90,45.02, 6.08, 1.93, 0.00
504,2,30.44,2.58,35.14,1.55,0.31,11.43, 1.39, 9.70,27.36, 555.9, 1.1, 0.5,0, 1.47, 0.00, 0.00, 0.00,-0.16,56.04,45.89, 0.00, 0.00, 0.00
505,2,29.52,2.69,33.84,1.70,0.37,11.90, 1.45,10.49,32.59, 676.9, 2.9, 0.7,0, 0.00, 0.00, 0.29, 0.15,-0.28,49.24,45.19, 5.56, 2.82, 0.08
506,2,28.80,2.73,32.84,1.58,0.36,10.38, 1.36, 9.42,29.11, 407.1, 1.5, 0.8,0, 0.14, 1.48, 0.61, 0.00,-0.32,58.93,43.04, 0.00, 0.00, 0.60
507,2,28.11,2.82,32.51,1.49,0.32,11.49, 2.23,10.17,25.65, 574.7, 3.0, 0.5,0, 0.00, 0.27, 0.00, 1.98, 0.04,55.75,45.24, 0.00, 0.00, 0.55
508,2,31.25,2.64,30.59,1.56,0.37,11.53, 1.30,11.28,33.33, 429.4, 1.9, 1.0,0, 0.36, 2.07, 0.07, 0.00, 0.47,57.03,44.23, 0.00, 1.38, 0.00
509,2,29.34,2.87,33.41,1.42,0.37,10.24, 1.83,10.08,27.82, 548.8, 1.4, 0.3,0, 1.53, 0.46, 0.00, 2.35,-0.34,56.98,44.87, 0.00, 0.00, 2.89
510,2,31.13,2.97,34.39,1.56,0.35,10.20, 1.10,11.11,29.02, 596.3, 1.8, 0.7,0, 0.00, 0.00, 0.48, 0.00,-0.44,56.73,44.22, 0.00, 1.20, 0.47
511,2,31.13,2.93,33.49,1.76,0.35,10.87, 1.30,10.46,32.09, 517.5, 2.9, 0.8,0, 0.00, 0.00, 0.16, 0.41,-0.20,57.81,44.47, 0.00, 0.00, 1.14
512,2,31.82,2.86,34.90,1.72,0.33,12.68, 1.38, 9.17,34.37, 453.5, 2.9, 1.0,0, 0.00, 0.00, 0.93, 0.04, 0.02,59.36,45.39, 0.00, 2.78, 0.00
513,2,31.15,2.68,32.34,1.44,0.40,12.74, 1.00,11.47,26.49, 688.0, 2.0, 0.4,0, 0.14, 0.34, 0.92, 0.08, 0.15,49.02,46.11, 4.87, 2.02, 0.00
514,2,31.34,2.86,32.87,1.63,0.37,11.46, 1.62,11.08,29.20, 477.8, 2.2, 1.2,0, 0.00, 0.56, 0.06, 0.00, 0.20,61.19,45.59, 0.00, 0.00, 0.00
515,2,30.62,2.87,33.30,1.44,0.31,10.62, 2.49,10.04,26.00, 646.9, 2.3, 1.2,0, 0.00, 0.00, 0.00, 0.00,-0.09,51.02,45.33, 3.66, 0.00, 0.26
516,2,29.59,2.91,32.67,1.46,0.34,11.24, 1.18,10.09,31.09, 611.7, 1.7, 0.7,0, 0.00, 2.02, 0.00, 0.00, 0.04,55.07,44.81, 0.12, 2.17, 0.19
517,2,30.74,2.79,32.03,1.78,0.33,10.14, 1.74,10.25,34.69, 501.6, 1.1, 0.7,0, 0.57, 1.21, 0.00, 0.00, 0.25,55.79,45.90, 0.00, 0.00, 0.54
518,2,30.82,2.62,35.64,1.46,0.35,10.97, 1.45,10.49,27.77, 625.3, 2.1, 1.1,0, 2.85, 0.00, 0.31, 0.00,-0.29,56.52,44.66, 0.00, 2.41, 0.81
519,2,28.82,2.54,30.88,1.75,0.31,10.30, 2.31,11.43,34.41, 607.8, 2.4, 1.0,0, 3.93, 0.00, 0.00, 0.00, 0.18,53.75,43.58, 2.67, 1.19, 1.38
520,2,29.67,2.52,33.12,1.43,0.34,11.07, 2.28, 9.42,25.35, 506.3, 2.2, 0.7,0, 2.07, 0.00, 0.00, 0.00, 0.34,61.52,44.27, 0.00, 3.73, 0.00
521,2,28.05,2.69,31.83,1.44,0.32,10.54, 1.00,10.56,33.55, 548.4, 1.6, 0.7,0, 1.58, 0.38, 0.00, 0.00, 0.19,56.78,46.69, 0.00, 0.00, 0.00
522,2,31.17,2.52,31.46,1.55,0.31,11.52, 1.01, 9.39,33.65, 499.0, 1.6, 1.1,0, 0.00, 0.62, 0.43, 0.00, 0.08,60.26,43.95, 0.00, 5.11, 0.00
523,2,30.22,2.90,35.56,1.71,0.35,12.85, 1.50,10.09,32.16, 646.3, 2.3, 0.8,0, 2.07, 1.17, 0.12, 0.00, 0.08,57.78,43.97, 0.00, 2.39, 0.00
524,2,31.90,2.56,34.17,1.57,0.34,12.72, 2.07, 9.97,26.87, 661.3, 2.9, 1.0,0, 0.00, 0.79, 0.45, 0.00,-0.68,55.52,45.23, 0.00, 0.00, 0.88
525,2,30.24,2.69,33.44,1.49,0.31,12.90, 1.37, 9.38,31.66, 485.3, 1.4, 0.3,0, 0.00, 0.00, 0.00, 0.00, 0.47,65.54,44.82, 0.00, 0.23, 1.78
526,2,28.57,2.81,33.09,1.51,0.35,11.43, 2.01, 9.52,31.93, 519.0, 1.1, 0.2,0, 1.46, 1.26, 0.00, 0.68,-0.53,58.55,45.14, 0.00, 0.00, 0.00
527,2,28.53,2.93,34.35,1.63,0.33,11.75, 1.49, 9.80,26.04, 409.1, 1.5, 0.2,0, 0.00, 0.85, 0.00, 0.98,-0.79,56.55,45.83, 0.00, 0.00, 0.12
528,2,29.94,2.77,34.25,1.60,0.35,10.96, 2.40, 9.95,27.56, 499.5, 1.3, 0.6,0, 0.78, 0.00, 0.22, 0.27, 0.58,61.07,45.04, 0.00, 0.00, 1.27
529,2,30.51,2.55,35.22,1.44,0.32,12.25, 1.70,10.73,32.85, 412.3, 1.1, 0.6,0, 2.19, 0.00, 0.71, 1.31, 0.06,55.92,45.54, 0.00, 0.63, 0.00
530,2,30.54,2.72,35.08,1.75,0.36,12.70, 1.90, 9.72,26.54, 421.8, 1.0, 0.8,0, 0.00, 0.00, 0.00, 0.00,-0.13,54.80,44.34, 0.87, 0.80, 0.56
531,2,31.49,2.80,31.06,1.58,0.30,10.56, 1.20,11.26,31.14, 409.4, 2.2, 0.8,0, 0.71, 2.14, 0.00, 1.06,-0.01,53.37,46.11, 0.52, 0.82, 0.41
532,2,30.69,2.98,31.10,1.69,0.32,11.57, 1.46,12.00,27.60, 408.2, 2.4, 0.5,0, 0.26, 0.00, 0.00, 0.66,-0.02,54.72,43.58, 1.70, 2.04, 0.00
533,2,28.27,2.69,30.30,1.45,0.35,11.93, 1.70, 9.35,25.22, 624.7, 1.9, 0.3,0, 3.70, 1.01, 0.30, 0.00,-0.22,56.08,44.18, 0.00, 0.00, 0.74
534,2,29.04,2.58,33.70,1.53,0.37,10.41, 2.33,11.14,29.01, 545.7, 2.6, 0.9,0, 0.09, 0.00, 0.00, 0.44,-0.41,57.48,46.53, 0.00, 0.00, 0.00
535,2,29.04,2.53,33.51,1.62,0.38,12.24, 1.92,10.83,25.35, 436.5, 2.1, 0.3,0, 0.70, 0.00, 0.36, 0.42, 0.17,58.36,44.46, 0.00, 0.00, 0.00
536,2,28.32,2.59,35.43,1.66,0.30,11.88, 1.53, 9.45,31.90, 441.6, 2.1, 0.3,0, 0.08, 1.17, 0.00, 0.62, 0.21,57.20,43.02, 0.00, 0.00, 0.00
537,2,31.45,2.81,34.78,1.60,0.32,10.99, 1.08,11.89,29.55, 418.7, 1.5, 1.0,0, 1.65, 0.22, 0.41, 0.00, 0.00,59.46,45.53, 0.00, 0.00, 0.00
538,2,31.47,2.99,31.88,1.74,0.38,13.00, 1.73,10.62,28.54, 684.5, 2.0, 0.3,0, 0.94, 0.00, 0.00, 1.97,-0.28,50.61,43.68, 5.71, 0.00, 0.28
539,2,29.05,2.51,31.01,1.50,0.33,10.79, 1.99,11.54,27.86, 524.5, 2.7, 1.1,0, 0.00, 0.92, 0.76, 0.77, 0.07,58.95,43.71, 0.00, 0.00, 0.96
540,2,31.15,2.59,30.83,1.50,0.31,11.40, 1.95, 9.38,26.06, 639.7, 2.1, 1.1,0, 0.00, 0.37, 0.00, 0.31, 0.50,51.70,39.66, 8.64, 1.62, 0.00
541,2,29.06,3.00,35.86,1.78,0.38,12.89, 2.01,10.35,33.30, 414.6, 1.5, 1.1,0, 0.00, 0.00, 0.00, 0.00,-0.08,59.26,48.02, 0.00, 2.45, 0.00
542,2,30.77,2.71,32.98,1.51,0.36,12.24, 2.31,10.85,33.62, 621.7, 2.1, 0.7,0, 0.00, 0.81, 0.00, 0.60,-0.31,54.92,44.44, 0.64, 4.60, 0.00
543,2,29.43,2.50,34.74,1.41,0.33,11.87, 1.95,11.35,33.27, 527.6, 2.2, 1.1,0, 1.20, 0.00, 0.00, 0.00,-0.27,59.10,44.77, 0.00, 0.65, 0.05
544,2,29.33,2.97,33.65,1.64,0.35,12.91, 1.32,11.53,25.89, 508.4, 2.7, 0.8,0, 2.29, 0.00, 0.70, 0.00, 0.10,61.16,48.35, 0.00, 1.49, 0.08
545,2,30.92,2.90,35.15,1.42,0.38,12.56, 1.34, 9.31,33.78, 421.0, 3.0, 0.8,0, 2.90, 0.70, 0.35, 0.00, 0.21,57.02,43.40, 0.00, 3.24, 0.00
546,2,28.74,2.68,30.30,1.51,0.39,11.06, 1.75,11.84,29.55, 505.1, 1.2, 0.3,0, 0.00, 0.86, 0.00, 0.64, 0.18,56.19,44.39, 0.00, 0.00, 0.00
547,2,30.66,2.63,31.21,1.52,0.35,12.59, 1.87,11.77,30.42, 606.2, 2.5, 0.8,0, 0.00, 0.21, 0.00, 0.00,-0.05,56.79,44.68, 0.00, 0.00, 0.69
548,2,30.88,2.73,30.70,1.78,0.31,11.72, 2.27, 9.99,33.68, 575.7, 2.3, 0.3,0, 0.24, 0.00, 0.00, 0.00,-0.22,56.42,46.81, 0.00, 0.11, 0.21
549,2,29.78,2.84,31.35,1.76,0.31,11.91, 1.75,10.59,30.39, 422.1, 2.6, 0.7,0, 0.00, 0.00, 0.34, 0.00,-0.35,58.48,43.32, 0.00, 0.32, 0.00
550,2,31.65,2.73,33.16,1.41,0.31,11.41, 1.49,10.64,26.68, 432.7, 2.8, 0.8,0, 1.13, 0.97, 0.00, 1.21, 0.05,54.95,43.97, 1.07, 0.60, 0.00
551,2,29.45,2.90,32.28,1.60,0.39,10.45, 2.29,11.07,27.78, 486.6, 2.5, 1.0,0, 0.31, 0.00, 0.35, 0.06, 0.05,58.86,43.71, 0.00, 0.00, 0.15
552,2,29.75,2.65,32.01,1.68,0.37,12.45, 1.40, 9.97,28.22, 464.9, 2.0, 0.3,0, 0.79, 0.00, 0.13, 0.00,-0.26,60.50,42.87, 0.00, 0.86, 0.00
553,2,29.95,2.52,30.42,1.53,0.33,11.75, 1.71,11.23,26.12, 651.9, 1.9, 0.8,0, 0.91, 1.01, 0.50, 1.63, 0.17,49.96,45.55, 4.49, 0.98, 1.16
554,2,31.13,2.73,34.61,1.60,0.40,12.28, 1.43,11.18,31.84, 551.4, 2.7, 1.0,0, 0.02, 0.00, 0.00, 0.00,-0.06,58.57,46.32, 0.00, 0.00, 0.00
555,2,28.33,2.95,32.13,1.51,0.38,10.55, 1.14,11.13,30.83, 638.5, 2.8, 0.9,0, 0.25, 0.00, 0.19, 2.52,-0.10,53.04,44.13, 2.82, 0.00, 1.00
556,2,29.03,2.71,31.04,1.76,0.36,12.65, 2.25, 9.66,28.15, 679.0, 1.7, 1.2,0, 0.70, 0.00, 0.00, 0.00, 0.21,52.45,44.36, 3.19, 2.20, 0.21
557,2,29.00,2.55,34.10,1.78,0.30,11.80, 2.32,10.64,29.77, 603.9, 1.5, 0.7,0, 0.35, 0.00, 0.00, 2.77, 0.18,54.00,43.70, 2.30, 0.00, 1.14
558,2,28.51,2.68,35.52,1.77,0.38,10.11, 1.54,11.52,27.27, 682.1, 2.7, 0.5,0, 0.12, 0.00, 0.35, 0.93,-0.30,50.60,45.05, 4.35, 3.01, 0.62
559,2,31.59,2.79,35.87,1.62,0.32,11.41, 2.05,11.25,27.60, 409.8, 1.1, 1.1,0, 1.20, 0.00, 0.03, 0.31,-0.46,56.99,43.90, 0.00, 1.99, 0.00
560,2,31.51,2.54,33.65,1.45,0.30,12.25, 2.10,11.32,34.74, 695.5, 2.8, 0.4,0, 2.36, 0.62, 0.14, 1.18, 0.09,47.86,44.14, 8.00, 2.27, 0.00
561,2,29.19,2.87,30.14,1.47,0.35,12.74, 2.12, 9.33,27.17, 488.9, 2.9, 0.5,0, 0.26, 0.00, 0.55, 1.39,-0.62,57.37,44.10, 0.00, 0.48, 0.00
562,2,31.01,2.63,33.72,1.45,0.31,11.55, 1.80,11.23,30.85, 644.6, 2.9, 0.4,0, 0.00, 0.00, 0.00, 0.00,-0.28,53.57,44.36, 2.07, 0.82, 1.19
563,2,30.33,2.63,35.69,1.67,0.35,11.48, 1.45,10.63,31.23, 630.6, 1.6, 0.4,0, 0.00, 0.07, 0.00, 0.00, 0.28,56.20,45.54, 0.00, 0.00, 0.98
564,2,28.11,2.85,35.10,1.69,0.30,10.73, 1.84,11.45,26.29, 483.3, 2.5, 1.0,0, 0.17, 0.63, 0.00, 0.00,-0.33,57.34,45.22, 0.00, 0.00, 0.26
565,2,29.79,2.72,31.27,1.45,0.38,12.40, 2.07,10.63,29.84, 537.0, 1.2, 0.9,0, 0.00, 0.00, 0.32, 0.87, 0.21,57.27,41.28, 1.45, 0.00, 0.00
566,2,31.12,2.75,34.90,1.48,0.35,10.33, 1.05,11.37,33.79, 435.9, 1.2, 1.0,0, 3.24, 0.00, 0.00, 0.77,-0.12,53.59,44.06, 2.36, 0.00, 0.39
567,2,28.07,2.55,35.74,1.58,0.35,11.17, 1.64, 9.17,28.87, 677.5, 2.8, 0.5,0, 3.37, 0.00, 0.33, 0.43, 0.54,51.78,42.01, 6.21, 2.68, 0.00
568,2,28.35,2.91,30.47,1.52,0.33,10.51, 1.71, 9.16,34.07, 537.2, 1.7, 0.4,0, 0.00, 0.00, 0.19, 0.32,-0.17,56.33,44.72, 0.00, 0.00, 1.82
569,2,30.65,2.50,32.58,1.48,0.40,12.61, 2.27,10.07,26.50, 401.0, 1.2, 0.9,0, 2.63, 1.71, 0.00, 0.49, 0.39,53.43,45.17, 1.40, 2.42, 1.02
570,2,31.60,2.90,34.13,1.48,0.39,10.43, 1.81,11.60,28.80, 576.4, 1.7, 0.7,0, 0.86, 0.51, 0.00, 0.78, 0.07,53.71,48.01, 0.00, 1.21, 0.34
571,2,31.40,2.86,33.24,1.45,0.36,10.56, 2.33,10.60,25.02, 597.6, 1.3, 1.1,0, 0.89, 0.00, 0.02, 0.48,-0.69,52.55,45.08, 2.36, 0.80, 0.16
572,2,28.27,2.85,33.94,1.70,0.33,10.65, 2.46,11.33,26.84, 534.4, 2.8, 0.5,0, 0.00, 0.00, 0.11, 0.53, 0.56,58.67,42.75, 0.00, 2.38, 0.00
573,2,29.43,2.60,35.66,1.62,0.31,11.06, 1.39,11.02,33.58, 673.2, 2.3, 0.8,0, 0.00, 1.26, 0.64, 0.00, 0.28,55.95,45.54, 0.00, 0.99, 0.22
574,2,29.31,2.66,33.51,1.77,0.37,11.14, 1.77,10.60,34.07, 417.2, 2.7, 0.7,0, 0.00, 2.85, 0.40, 0.00, 0.36,57.85,42.60, 0.00, 1.16, 0.00
575,2,29.70,2.99,32.77,1.61,0.40,10.91, 1.29, 9.96,28.51, 581.5, 1.2, 1.1,0, 0.00, 0.00, 0.53, 0.00, 0.14,55.96,44.64, 0.00, 3.86, 0.00
576,2,31.35,2.90,35.26,1.40,0.32,12.11, 2.16,11.15,27.56, 482.4, 2.4, 0.9,0, 0.02, 1.35, 0.00, 1.77, 0.02,55.23,44.85, 0.00, 0.00, 0.45
577,2,28.94,3.00,35.12,1.43,0.34,11.51, 2.49,10.66,27.40, 535.5, 2.1, 1.1,0, 0.00, 0.00, 0.58, 0.00, 0.20,57.31,45.92, 0.00, 2.25, 0.00
578,2,29.21,2.61,34.74,1.65,0.37,12.67, 2.08,11.80,25.27, 675.1, 2.2, 0.3,0, 0.43, 0.00, 0.00, 0.00,-0.01,54.72,46.66, 0.00, 3.53, 0.83
579,2,31.63,2.57,33.60,1.42,0.37,10.92, 2.46, 9.97,28.06, 449.8, 1.5, 1.0,0, 0.00, 0.00, 0.00, 0.00,-0.27,56.29,47.55, 0.00, 0.00, 0.00
580,2,31.32,2.58,31.06,1.50,0.32,10.60, 1.28,11.63,31.42, 458.5, 2.2, 0.6,0, 3.69, 0.21, 0.82, 0.68, 0.39,55.98,43.94, 0.07, 3.92, 0.00
581,2,31.38,2.67,35.69,1.43,0.38,12.19, 1.02,11.38,28.30, 642.4, 1.5, 0.6,0, 0.94, 0.00, 0.11, 0.00,-0.60,55.68,45.03, 0.00, 0.00, 0.00
582,2,30.81,2.57,35.65,1.80,0.40,10.86, 1.66,11.53,27.52, 586.0, 2.3, 0.7,0, 0.00, 0.61, 0.00, 0.00, 0.43,55.75,43.65, 0.61, 0.00, 0.00
583,2,30.71,2.57,35.88,1.54,0.33,10.67, 1.49,10.15,27.66, 594.8, 2.6, 1.1,0, 0.00, 0.00, 0.27, 1.82, 0.10,51.74,42.49, 5.78, 0.00, 0.28
584,2,28.05,2.71,31.51,1.66,0.31,12.49, 1.53,11.69,34.20, 606.3, 2.9, 0.8,0, 0.00, 0.00, 0.00, 0.41,-0.10,57.54,45.33, 0.00, 2.28, 0.31
585,2,28.98,2.65,32.76,1.80,0.37,12.40, 2.23,11.07,28.66, 482.1, 2.2, 1.0,0, 0.00, 0.00, 0.36, 0.00,-0.24,59.93,42.91, 0.00, 0.34, 0.00
586,2,29.74,2.75,35.55,1.77,0.31,12.01, 1.41, 9.84,30.72, 692.3, 2.9, 0.6,0, 0.00, 0.84, 1.09, 0.00,-0.19,52.48,46.31, 1.21, 1.30, 0.00
587,2,29.13,2.87,30.37,1.73,0.35,12.82, 2.29, 9.50,27.96, 425.9, 1.9, 0.6,0, 0.00, 1.84, 0.06, 0.94,-0.00,56.26,44.82, 0.00, 2.38, 0.70
588,2,31.54,2.58,33.12,1.68,0.36,10.66, 1.78,11.78,30.92, 508.6, 1.3, 1.0,0, 0.00, 0.60, 0.75, 0.26,-0.17,59.04,43.50, 0.00, 3.76, 0.00
589,2,31.23,2.91,30.67,1.53,0.39,10.61, 1.58,10.52,26.19, 400.6, 1.4, 0.4,0, 0.00, 0.01, 0.26, 1.72, 0.30,56.24,45.39, 0.00, 0.00, 0.33
590,2,31.78,2.93,31.47,1.41,0.36,11.43, 1.65, 9.20,29.26, 611.7, 2.4, 0.5,0, 0.91, 0.87, 0.43, 0.77,-0.01,55.58,46.13, 0.00, 0.00, 0.20
591,2,31.74,2.56,31.32,1.45,0.34,10.04, 1.14,11.08,33.08, 465.3, 1.9, 0.3,0, 0.00, 0.00, 0.00, 0.93, 0.10,55.78,44.50, 0.00, 0.00, 0.45
592,2,28.73,2.51,31.30,1.43,0.34,11.98, 1.67,10.57,33.99, 411.4, 1.7, 0.3,0, 0.00, 0.00, 0.00, 0.00,-0.43,56.67,44.05, 0.00, 0.00, 0.47
593,2,31.60,2.86,32.16,1.79,0.36,11.67, 2.15,11.00,27.61, 669.0, 1.7, 1.0,0, 0.00, 0.00, 0.00, 0.00, 0.08,54.41,44.31, 1.28, 0.00, 0.00
594,2,29.37,2.69,35.35,1.54,0.35,11.55, 1.44,11.93,25.78, 619.6, 1.6, 1.1,0, 0.00, 0.17, 0.53, 1.95,-0.16,54.54,45.03, 0.43, 0.00, 0.00
595,2,28.99,2.62,30.21,1.77,0.40,10.22, 2.36, 9.26,26.86, 566.9, 2.9, 1.1,0, 0.00, 0.00, 0.00, 0.03,-0.15,57.66,45.10, 0.00, 0.00, 0.46
596,2,31.58,2.75,32.76,1.65,0.30,12.45, 1.85,11.32,27.50, 676.0, 2.0, 0.7,0, 2.33, 0.40, 0.87, 0.00, 0.19,54.16,44.98, 0.86, 0.00, 0.00
597,2,30.12,2.68,30.80,1.61,0.37,11.48, 1.66,11.10,34.55, 685.5, 1.0, 1.1,0, 2.36, 0.83, 0.00, 0.00,-0.44,50.27,46.50, 3.23, 0.00, 0.49
598,2,28.96,2.73,31.40,1.75,0.39,10.62, 2.03,10.16,28.99, 578.6, 2.1, 0.8,0, 2.68, 0.00, 0.29, 0.00, 0.17,56.93,44.82, 0.00, 0.00, 0.00
599,2,29.13,2.85,30.74,1.78,0.36,11.80, 1.84,10.87,26.01, 574.2, 2.5, 0.7,0, 1.23, 1.07, 0.00, 0.98, 0.23,58.08,44.45, 0.00, 2.22, 0.00
600,2,30.50,2.67,30.13,1.54,0.36,12.24, 2.46, 9.77,29.68, 584.4, 1.7, 0.8,0, 0.00, 0.85, 0.26, 0.19,-0.30,57.58,42.69, 0.00, 1.28, 0.24
601,2,31.13,2.68,31.93,1.45,0.38,11.74, 1.45,11.26,29.49, 429.8, 2.0, 1.0,0, 1.67, 0.70, 0.00, 0.12,-0.68,58.00,43.73, 0.00, 0.00, 0.22
602,2,28.52,2.74,33.43,1.51,0.37,10.04, 1.88,10.45,33.73, 589.2, 2.9, 0.6,0, 0.00, 0.00, 0.00, 0.00,-0.16,58.66,44.91, 0.00, 0.00, 0.00
603,2,28.57,2.70,34.38,1.74,0.38,10.10, 1.20, 9.18,31.99, 677.5, 2.7, 1.0,0, 0.04, 0.04, 0.19, 0.00, 0.17,46.26,40.90,12.85, 0.55, 0.00
604,2,28.53,2.78,32.94,1.43,0.36,11.43, 2.00, 9.09,28.68, 599.9, 3.0, 0.8,0, 0.00, 0.00, 0.00, 0.00,-0.37,53.58,44.96, 1.47, 0.10, 0.61
605,2,30.54,2.73,33.14,1.73,0.38,11.53, 2.18, 9.41,26.73, 418.9, 2.7, 1.1,0, 0.00, 1.00, 0.36, 0.00, 0.20,57.30,44.18, 0.00, 0.00, 0.00
606,2,30.34,2.54,32.39,1.65,0.37,11.83, 1.03,11.29,32.01, 587.1, 2.6, 0.6,0, 0.00, 1.88, 0.54, 0.61, 0.19,56.81,44.88, 0.00, 0.00, 0.19
607,2,30.20,2.64,34.11,1.44,0.30,12.61, 1.77,10.48,27.55, 509.4, 2.2, 0.6,0, 0.26, 0.00, 0.00, 0.01,-0.39,59.65,43.78, 0.00, 0.00, 0.05
608,2,28.13,2.79,31.99,1.59,0.31,12.32, 2.35, 9.61,28.26, 579.0, 2.4, 0.9,0, 0.00, 0.00, 0.26, 0.01, 0.25,58.33,48.40, 0.00, 0.00, 0.67
609,2,28.23,2.86,35.68,1.69,0.35,12.01, 1.90,10.78,32.75, 636.9, 2.0, 1.0,0, 0.00, 0.00, 0.40, 0.78,-0.16,51.08,42.44, 6.48, 0.00, 0.00
610,2,30.96,2.91,34.78,1.49,0.33,12.85, 1.97, 9.62,34.87, 638.2, 2.5, 0.9,0, 2.76, 0.00, 0.00, 0.00,-0.25,53.87,45.68, 0.44, 0.00, 0.51
611,2,31.77,2.51,30.32,1.67,0.33,11.06, 1.34,10.37,30.98, 460.6, 2.6, 0.9,0, 3.70, 0.00, 0.00, 0.00,-0.26,55.81,44.52, 0.00, 0.00, 0.84
612,2,29.35,2.58,31.76,1.42,0.39,11.63, 1.03,10.26,30.00, 638.9, 1.3, 0.7,0, 2.46, 0.00, 0.32, 0.20,-0.15,52.78,44.26, 2.96, 0.74, 0.00
613,2,29.14,2.87,34.99,1.58,0.33,12.42, 1.06,11.44,30.22, 412.5, 1.1, 1.2,0, 0.00, 0.00, 0.00, 0.00, 0.57,55.14,45.07, 0.00, 0.00, 0.00
614,2,28.32,2.69,31.46,1.60,0.30,10.88, 1.11, 9.32,30.29, 570.9, 2.8, 0.5,0, 0.00, 0.00, 0.20, 0.00,-0.44,56.00,46.48, 0.00, 0.02, 0.33
615,2,30.30,2.95,32.43,1.67,0.30,12.92, 1.83, 9.82,28.60, 674.1, 2.8, 1.1,0, 3.05, 0.00, 0.00, 0.00, 0.26,53.01,44.88, 2.12, 0.54, 0.00
616,2,29.59,2.96,31.69,1.74,0.30,11.61, 2.46, 9.44,28.18, 566.7, 2.6, 0.6,0, 1.10, 0.26, 0.00, 0.00,-0.56,55.65,45.53, 0.00, 0.05, 0.03
617,2,30.24,2.96,31.50,1.58,0.35,11.37, 1.29,10.84,30.38, 694.3, 1.5, 1.1,0, 0.76, 1.29, 0.60, 1.08, 0.70,47.60,42.95, 9.45, 2.88, 0.76
618,2,29.50,2.81,35.22,1.55,0.30,12.07, 2.24,10.99,25.30, 451.0, 2.2, 0.3,0, 0.00, 0.00, 0.00, 0.00, 0.20,58.79,43.56, 0.00, 2.16, 0.06
619,2,29.38,2.79,30.35,1.65,0.36,12.38, 2.10,11.34,31.68, 591.8, 1.4, 0.5,0, 0.17, 0.00, 0.44, 1.86,-0.01,59.64,44.81, 0.00, 1.26, 0.67
620,2,30.58,2.97,31.27,1.76,0.39,11.15, 1.08, 9.55,34.44, 507.8, 1.1, 0.3,0, 0.00, 0.38, 0.29, 1.60, 0.12,60.40,45.50, 0.00, 0.00, 0.90
621,2,30.82,2.78,33.16,1.70,0.36,11.74, 2.28, 9.58,29.21, 555.4, 2.6, 1.0,0, 0.00, 0.23, 0.00, 0.00, 0.02,59.98,45.57, 0.00, 2.02, 0.00
622,2,29.58,2.80,31.44,1.61,0.35,11.96, 1.67,10.01,27.25, 490.3, 1.5, 0.4,0, 2.50, 0.72, 0.00, 0.00,-0.48,57.89,44.54, 0.00, 0.56, 0.00
623,2,29.81,2.51,35.74,1.79,0.34,10.91, 1.50,11.68,29.70, 553.4, 2.2, 0.2,0, 0.00, 0.00, 0.09, 0.16, 0.26,56.91,44.59, 0.00, 1.46, 0.00
624,2,30.99,2.94,35.70,1.66,0.35,12.36, 1.25,11.42,26.24, 582.1, 2.3, 0.4,0, 2.58, 0.00, 0.97, 0.00,-0.31,54.01,45.35, 0.64, 0.00, 1.81
625,2,29.80,2.63,30.11,1.44,0.35,10.61, 2.08,10.65,25.25, 447.9, 2.2, 1.1,0, 0.00, 1.08, 0.00, 1.03,-0.02,56.08,44.02, 0.00, 3.39, 0.00
626,2,31.51,2.61,34.40,1.45,0.36,10.36, 1.78,10.64,34.71, 415.1, 2.2, 1.0,0, 1.07, 0.65, 0.31, 0.48, 0.31,58.52,46.43, 0.00, 0.01, 0.00
627,2,30.05,2.73,30.06,1.54,0.38,10.76, 2.28, 9.12,29.41, 696.9, 2.7, 0.5,0, 0.00, 0.00, 0.00, 0.73,-0.04,49.60,41.24, 9.15, 0.00, 0.00
628,2,29.53,2.96,30.34,1.43,0.33,12.45, 2.38,11.73,34.85, 681.1, 2.3, 0.7,0, 0.00, 0.41, 0.00, 0.00,-0.12,53.51,43.92, 2.58, 0.00, 0.75
629,2,30.68,2.68,35.97,1.54,0.37,10.68, 1.22,10.74,30.00, 697.1, 2.2, 0.6,0, 0.00, 0.00, 0.00, 0.00,-0.05,49.66,41.87, 8.46, 0.00, 0.17
630,2,30.35,2.64,33.20,1.59,0.38,12.11, 1.50,11.06,31.33, 438.7, 1.5, 1.0,0, 0.43, 0.00, 0.00, 0.00,-0.25,53.38,45.75, 0.87, 0.52, 0.00
631,2,30.26,2.99,32.17,1.43,0.30,12.32, 2.44, 9.47,25.11, 655.6, 2.4, 0.7,0, 0.00, 1.43, 0.00, 1.90, 0.07,54.38,43.13, 2.49, 0.90, 0.00
632,2,31.25,2.82,34.22,1.48,0.36,10.35, 1.92,10.52,30.97, 413.6, 2.3, 0.9,0, 0.00, 1.90, 0.44, 1.31, 0.07,52.75,45.40, 1.85, 0.00, 0.43
633,2,31.89,2.54,34.77,1.57,0.37,12.07, 2.36, 9.81,26.43, 687.8, 1.3, 1.0,0, 0.30, 0.18, 0.00, 0.00, 0.76,52.94,41.56, 5.50, 0.66, 0.00
634,2,30.93,2.57,33.38,1.48,0.34,11.08, 1.22,11.34,28.67, 516.5, 2.1, 0.9,0, 0.00, 0.56, 0.24, 0.00, 0.06,61.21,44.13, 0.00, 3.88, 0.00
635,2,29.83,2.78,34.16,1.70,0.32,12.08, 1.87, 9.53,33.84, 653.0, 2.5, 1.0,0, 0.00, 0.59, 0.35, 2.31, 0.19,51.78,44.37, 3.85, 0.00, 1.71
636,2,31.39,2.76,31.06,1.78,0.32,12.76, 1.50,11.23,26.62, 518.7, 2.0, 0.5,0, 0.01, 0.58, 0.26, 0.39, 0.47,63.46,45.12, 0.00, 0.00, 0.00
637,2,28.64,2.91,31.12,1.69,0.34,10.84, 1.14, 9.68,30.65, 462.9, 2.8, 0.3,0, 0.00, 0.47, 0.20, 0.00, 0.14,59.18,44.27, 0.00, 0.00, 0.00
638,2,28.99,2.78,32.85,1.71,0.37,11.00, 2.21,11.56,25.80, 443.2, 2.4, 0.4,0, 0.13, 0.00, 0.31, 0.07, 0.22,57.97,43.35, 0.00, 0.00, 0.45
639,2,30.75,2.75,35.99,1.74,0.32,10.87, 2.07,11.25,29.43, 509.2, 2.8, 0.7,0, 0.00, 0.65, 0.23, 0.00, 0.25,59.66,43.09, 0.00, 0.29, 0.00
640,2,29.37,2.82,30.53,1.58,0.39,11.40, 1.82,11.28,27.80, 553.8, 2.7, 0.9,0, 0.00, 0.46, 0.00, 2.76, 0.02,57.43,43.11, 0.00, 3.56, 0.48
641,2,30.67,2.78,32.45,1.77,0.30,12.22, 1.25,10.23,32.87, 435.9, 2.7, 1.2,0, 1.33, 0.00, 0.00, 0.00,-0.01,59.69,46.72, 0.00, 0.08, 0.00
642,2,30.52,2.92,32.82,1.47,0.30,10.87, 2.09,11.81,33.80, 685.6, 1.7, 0.2,0, 1.03, 0.00, 0.00, 0.00,-0.30,48.23,43.96, 7.81, 2.01, 1.25
643,2,28.84,2.79,30.16,1.79,0.37,11.08, 2.17,11.85,29.73, 482.1, 2.7, 0.8,0, 0.17, 0.00, 0.11, 0.69,-0.06,58.87,45.14, 0.00, 0.00, 1.59
644,2,29.31,2.50,34.24,1.54,0.33,12.11, 2.21, 9.17,29.68, 627.3, 1.6, 0.5,0, 0.12, 1.45, 0.01, 0.00, 0.63,55.56,42.93, 1.51, 0.29, 0.00
645,2,31.60,2.86,30.55,1.47,0.36,12.86, 2.35,11.88,33.92, 450.3, 1.3, 1.0,0, 1.37, 0.00, 0.00, 0.42,-0.75,58.60,41.93, 0.00, 0.00, 0.34
646,2,31.24,2.59,31.68,1.55,0.40,12.59, 1.70, 9.09,25.29, 452.6, 3.0, 0.8,0, 2.36, 0.00, 0.00, 0.42,-0.35,60.93,42.76, 0.00, 0.00, 0.07
647,2,31.96,2.65,30.88,1.68,0.33,11.64, 2.14, 9.52,25.06, 689.8, 1.9, 0.8,0, 2.31, 0.00, 0.00, 0.00,-0.20,47.71,45.43, 6.86, 0.00, 0.00
648,2,31.56,2.76,34.94,1.73,0.39,12.38, 1.61,11.43,34.77, 405.0, 1.5, 0.8,0, 1.33, 0.00, 0.00, 0.00,-0.15,56.92,46.10, 0.00, 0.00, 0.00
649,2,28.43,2.88,31.69,1.52,0.32,11.18, 1.78, 9.41,25.20, 586.0, 2.6, 0.4,0, 0.00, 0.62, 0.12, 0.40, 0.00,53.69,45.29, 1.02, 0.00, 0.00
650,2,30.64,2.76,35.50,1.76,0.37,11.20, 1.90, 9.73,33.89, 440.3, 2.4, 0.5,0, 0.25, 0.00, 0.31, 0.78,-0.19,60.43,44.30, 0.00, 0.00, 1.16
651,2,30.82,2.62,34.86,1.52,0.32,11.00, 1.62, 9.87,29.68, 636.5, 2.0, 0.9,0, 0.00, 0.00, 0.00, 0.79,-0.04,50.16,46.10, 3.74, 0.58, 0.00
652,2,28.42,2.99,35.00,1.61,0.30,11.42, 1.31, 9.18,30.65, 653.2, 2.2, 0.4,0, 0.00, 0.88, 0.00, 1.68, 0.07,54.54,42.16, 3.30, 0.00, 0.87
653,2,31.01,2.69,33.20,1.52,0.38,10.08, 2.46,11.17,33.10, 650.4, 2.0, 0.5,0, 0.00, 0.92, 0.00, 0.00, 0.34,51.01,44.85, 4.14, 0.00, 0.00
654,2,29.71,2.95,31.83,1.68,0.31,11.11, 1.42,11.06,27.13, 411.8, 2.4, 0.3,0, 0.00, 1.17, 0.03, 0.00,-0.64,55.24,46.48, 0.00, 0.94, 0.69
655,2,30.47,2.67,31.32,1.58,0.37,12.07, 1.62,10.07,27.39, 578.4, 1.5, 0.4,0, 2.39, 0.00, 0.23, 1.20, 0.84,57.94,45.73, 0.00, 3.04, 0.64
656,2,31.85,2.68,34.95,1.40,0.36,12.92, 1.13,10.32,28.53, 408.7, 1.7, 0.4,0, 1.27, 1.60, 0.63, 0.00, 0.35,58.81,45.29, 0.00, 0.00, 0.50
657,2,28.05,2.72,35.95,1.48,0.35,12.10, 1.18, 9.27,29.13, 486.7, 1.6, 0.8,0, 0.69, 0.46, 0.00, 0.00, 0.22,62.50,47.03, 0.00, 0.00, 0.69
658,2,29.64,2.93,33.25,1.75,0.39,12.37, 1.21,10.28,26.75, 408.3, 1.5, 0.3,0, 1.05, 0.00, 0.23, 0.00, 0.19,58.48,48.05, 0.00, 0.00, 0.00
659,2,30.73,2.66,30.94,1.71,0.38,11.47, 1.54,11.22,25.36, 591.5, 2.2, 0.6,0, 0.00, 0.06, 0.00, 0.00, 0.00,53.25,45.54, 1.22, 0.00, 0.00
660,2,31.65,2.57,33.15,1.58,0.32,12.85, 2.34,11.61,32.13, 583.0, 2.7, 0.6,0, 2.21, 1.09, 0.27, 1.79,-0.13,58.20,45.59, 0.00, 0.00, 0.00
661,2,28.93,2.97,35.51,1.70,0.34,11.46, 1.85,11.09,26.97, 443.1, 2.4, 0.7,0, 0.00, 0.00, 0.41, 0.00,-0.07,55.75,43.85, 0.40, 0.00, 0.00
662,2,29.59,2.81,33.64,1.57,0.35,10.77, 2.09, 9.33,27.22, 482.7, 2.6, 0.6,0, 0.63, 0.02, 0.00, 1.07, 0.25,60.42,45.52, 0.00, 0.00, 0.00
663,2,28.29,2.51,32.58,1.70,0.31,11.54, 1.68,11.05,31.44, 566.4, 2.6, 1.1,0, 0.00, 0.00, 0.00, 0.14, 0.10,55.34,46.84, 0.00, 0.00, 0.48
664,2,29.26,2.53,32.63,1.58,0.31,12.92, 1.21,10.72,31.01, 453.6, 1.4, 0.2,0, 0.00, 0.17, 0.01, 1.06, 0.36,58.13,46.38, 0.00, 0.00, 1.75
665,2,31.23,2.64,34.58,1.75,0.39,10.66, 1.99, 9.59,30.78, 691.9, 2.9, 0.3,0, 0.00, 0.00, 0.00, 0.00,-0.14,51.70,43.29, 5.01, 0.00, 0.00
666,2,29.95,2.82,31.52,1.58,0.38,10.98, 1.35,10.34,25.31, 454.1, 2.8, 0.7,0, 0.00, 0.48, 0.07, 0.00,-0.65,55.40,45.55, 0.00, 1.13, 1.17
667,2,30.15,2.56,35.25,1.53,0.33,11.39, 1.45,11.51,31.88, 662.6, 1.1, 0.3,0, 0.23, 0.00, 0.00, 0.01, 0.22,52.65,45.85, 1.50, 1.38, 0.36
668,2,28.78,2.73,33.16,1.71,0.31,10.65, 1.57,11.76,29.48, 608.9, 1.5, 0.8,0, 1.90, 0.02, 0.37, 0.00,-0.14,54.40,45.51, 0.09, 0.13, 0.83
669,2,28.73,2.66,34.58,1.52,0.38,10.79, 2.36, 9.57,32.69, 492.0, 1.1, 0.5,0, 0.00, 0.00, 0.11, 0.40, 0.29,58.69,44.08, 0.00, 2.04, 0.71
670,2,31.03,2.63,32.28,1.48,0.31,11.59, 1.67,11.54,29.02, 471.1, 2.0, 0.6,0, 0.99, 0.71, 0.00, 0.00, 0.11,59.58,45.02, 0.00, 0.00, 0.15
671,2,30.22,2.61,32.80,1.67,0.39,10.50, 2.07, 9.84,30.19, 666.2, 1.2, 0.4,0, 0.00, 1.22, 0.04, 0.00, 0.12,51.53,43.01, 5.46, 5.10, 0.00
672,2,31.12,2.68,35.87,1.64,0.36,12.56, 1.44,10.70,29.36, 451.9, 2.6, 1.0,0, 0.00, 0.00, 0.02, 0.39, 0.14,55.65,44.77, 0.00, 0.00, 0.62
673,2,31.29,2.87,35.86,1.65,0.32,10.10, 2.36,11.82,29.03, 653.0, 2.1, 0.9,0, 0.11, 0.00, 0.00, 0.85, 0.22,52.00,43.47, 4.53, 2.17, 0.00
674,2,31.09,2.96,33.15,1.62,0.35,11.56, 2.36,11.96,28.60, 626.7, 1.6, 1.2,0, 0.44, 0.00, 0.00, 0.00,-0.71,52.93,46.68, 0.39, 0.00, 0.02
675,2,28.55,2.82,31.30,1.72,0.31,12.67, 1.77,11.56,34.91, 618.2, 2.7, 0.5,0, 0.84, 0.00, 0.00, 0.00,-0.40,54.93,42.74, 2.33, 1.42, 0.00
676,2,29.91,2.95,33.89,1.51,0.35,10.91, 2.13,10.68,33.43, 619.8, 2.6, 0.3,0, 2.84, 0.65, 0.00, 0.94, 0.64,55.55,45.24, 0.00, 0.00, 0.00
677,2,30.40,2.53,33.88,1.54,0.34,12.69, 2.30,10.90,29.33, 596.2, 2.1, 0.7,0, 0.00, 1.92, 0.12, 0.03, 0.05,57.35,44.24, 0.00, 3.60, 1.27
678,2,28.43,2.75,33.29,1.64,0.30,10.11, 1.97,10.02,26.71, 569.0, 1.3, 0.3,0, 0.23, 0.44, 0.00, 1.52,-0.24,55.79,42.67, 1.55, 0.00, 0.00
679,2,29.00,2.64,32.93,1.48,0.38,12.24, 1.36,11.58,31.97, 656.0, 2.1, 0.4,0, 1.39, 0.00, 0.00, 0.00, 0.21,52.53,43.21, 4.26, 1.30, 0.00
680,2,29.49,2.66,34.73,1.77,0.31,10.90, 1.89, 9.32,34.06, 496.0, 2.4, 0.6,0, 3.98, 0.64, 0.37, 0.00, 0.22,63.22,45.18, 0.00, 0.21, 0.00
681,2,30.54,2.71,31.95,1.46,0.31,12.57, 1.48, 9.55,29.76, 433.5, 2.5, 1.0,0, 0.00, 0.00, 0.00, 0.00,-0.07,57.46,45.38, 0.00, 2.68, 0.00
682,2,31.88,2.73,34.31,1.49,0.39,11.85, 2.49,10.66,27.44, 479.5, 2.3, 0.9,0, 1.76, 0.01, 0.03, 0.00, 0.09,61.85,41.68, 0.00, 0.00, 0.01
683,2,30.72,2.63,31.44,1.61,0.35,12.98, 2.13,11.14,29.57, 569.7, 1.3, 0.2,0, 1.53, 0.00, 0.00, 1.87,-0.09,55.78,44.93, 0.00, 0.00, 0.00
684,2,28.97,2.65,33.01,1.61,0.33,11.67, 2.41, 9.64,32.07, 403.4, 1.5, 0.5,0, 0.00, 0.59, 0.13, 0.50, 0.16,59.04,45.06, 0.00, 0.00, 0.00
685,2,31.09,2.51,35.90,1.65,0.39,10.88, 1.36, 9.23,28.35, 677.9, 2.8, 0.5,0, 0.00, 0.00, 0.00, 0.55, 0.38,50.79,42.15, 7.06, 0.00, 0.19
686,2,30.38,2.92,30.33,1.69,0.38,11.38, 2.16, 9.08,34.18, 541.2, 2.5, 0.8,0, 0.00, 0.00, 0.00, 0.00,-0.38,59.03,43.74, 0.00, 3.08, 0.50
687,2,29.15,2.85,32.68,1.64,0.37,11.37, 1.30, 9.46,25.16, 549.0, 1.5, 0.5,0, 0.00, 0.00, 0.00, 0.00,-0.39,57.10,41.91, 0.98, 0.61, 0.00
688,2,28.16,2.96,31.49,1.41,0.31,12.25, 1.40,11.89,28.96, 602.5, 2.0, 1.1,0, 0.16, 0.30, 0.00, 0.00,-0.44,60.08,45.64, 0.00, 0.00, 0.31
689,2,30.12,3.00,31.39,1.78,0.35,10.43, 1.67,10.72,27.39, 482.4, 2.5, 1.0,0, 0.00, 0.00, 0.00, 0.00,-0.54,53.92,45.05, 1.03, 0.00, 0.38
690,2,30.07,2.66,33.84,1.78,0.36,11.93, 1.15, 9.93,28.40, 643.2, 1.4, 0.9,0, 2.86, 0.00, 0.00, 1.02, 0.35,54.61,43.76, 1.63, 0.00, 0.00
691,2,30.56,2.73,34.17,1.43,0.33,11.86, 1.35,11.14,27.98, 609.4, 2.0, 0.5,0, 0.40, 0.00, 0.00, 0.00, 0.43,56.25,46.53, 0.00, 3.57, 0.00
692,2,31.31,2.98,32.48,1.50,0.34,12.94, 2.30,10.25,28.99, 686.4, 1.6, 0.2,0, 0.00, 0.00, 0.00, 0.88,-0.19,51.96,45.28, 2.76, 0.69, 0.00
693,2,31.88,2.82,31.93,1.68,0.31,10.35, 2.10, 9.44,30.02, 430.8, 1.2, 0.9,0, 0.22, 0.00, 0.64, 0.00,-0.02,55.32,43.59, 1.09, 0.00, 0.00
694,2,30.13,2.84,32.08,1.65,0.38,10.70, 1.75,11.41,31.38, 447.6, 1.1, 0.8,0, 0.00, 0.00, 0.00, 0.00, 0.28,56.28,46.04, 0.00, 2.87, 0.93
695,2,29.48,2.61,32.55,1.77,0.31,12.60, 1.38,11.80,29.78, 595.8, 2.2, 1.1,0, 0.00, 0.00, 0.14, 0.00,-0.14,60.26,45.89, 0.00, 1.18, 0.00
696,2,28.59,2.54,34.24,1.60,0.39,12.65, 1.38, 9.74,35.00, 607.5, 3.0, 0.6,0, 0.00, 0.00, 0.46, 0.00,-0.05,55.56,46.80, 0.00, 1.29, 0.26
697,2,29.32,2.69,30.15,1.41,0.38,11.00, 1.99,10.66,32.41, 538.0, 1.9, 0.5,0, 4.21, 0.29, 0.00, 0.78,-0.58,61.96,47.18, 0.00, 3.73, 0.00
698,2,30.99,2.57,35.91,1.49,0.36,10.28, 2.22, 9.86,33.26, 579.8, 2.5, 1.1,0, 1.77, 0.05, 0.00, 0.00, 0.29,57.92,45.21, 0.00, 0.00, 0.00
699,2,28.12,2.80,34.27,1.49,0.34,11.39, 1.56,10.39,32.58, 550.9, 1.2, 0.4,0, 1.10, 0.00, 1.37, 1.88, 0.11,59.64,42.80, 0.00, 0.00, 0.00
700,2,28.25,2.98,34.36,1.52,0.33,11.05, 1.89, 9.65,27.24, 549.1, 2.0, 0.2,0, 0.00, 0.53, 0.00, 0.07, 0.13,58.60,46.79, 0.00, 2.26, 0.00
701,2,29.49,2.78,30.38,1.61,0.31,11.09, 1.55, 9.59,27.20, 640.5, 1.9, 0.9,0, 0.00, 0.00, 0.00, 0.11,-0.12,52.80,45.50, 1.71, 0.00, 0.00
702,2,30.07,2.88,32.16,1.46,0.33,10.73, 1.20, 9.92,26.43, 619.8, 2.3, 1.1,0, 1.26, 0.00, 0.00, 0.63, 0.22,53.74,46.27, 0.00, 2.10, 0.59
703,2,28.64,2.80,30.87,1.53,0.39,10.32, 1.78,11.50,34.46, 548.0, 1.2, 0.2,0, 0.00, 0.00, 0.20, 1.03,-0.05,56.99,45.01, 0.00, 5.34, 0.00
704,2,30.35,2.94,35.18,1.51,0.35,11.84, 1.55,10.33,34.34, 599.2, 2.2, 1.1,0, 0.00, 0.00, 0.00, 0.56, 0.62,54.41,45.41, 0.18, 0.00, 0.00
705,2,28.93,2.65,30.68,1.47,0.36,12.04, 1.45,10.35,27.83, 404.5, 2.0, 0.8,0, 0.00, 0.91, 0.44, 1.96, 0.10,58.18,44.72, 0.00, 0.00, 0.76
706,2,29.06,2.93,32.28,1.48,0.38,10.38, 1.78,11.35,29.53, 685.6, 1.1, 1.1,0, 0.00, 0.00, 0.14, 0.47, 0.16,50.99,45.29, 3.73, 3.81, 0.02
707,2,31.11,2.86,32.00,1.64,0.35,11.09, 1.82, 9.80,30.20, 516.7, 2.7, 0.3,0, 0.37, 0.00, 0.00, 0.13, 0.37,60.54,42.81, 0.00, 4.61, 1.09
708,2,30.17,2.51,35.89,1.43,0.39,12.03, 1.20, 9.38,34.55, 597.0, 1.9, 0.5,0, 0.00, 0.00, 0.38, 0.00,-0.11,58.15,45.44, 0.00, 0.00, 0.59
709,2,28.80,2.67,33.67,1.56,0.34,10.82, 1.46, 9.51,27.84, 682.6, 3.0, 0.9,0, 0.06, 0.87, 0.29, 1.63, 0.06,51.59,40.07, 8.34, 0.00, 0.00
710,2,30.85,2.67,35.16,1.59,0.34,10.98, 1.71, 9.64,29.78, 672.5, 1.6, 0.4,0, 0.00, 0.00, 0.00, 0.99, 0.10,48.82,43.42, 7.76, 3.34, 0.00
711,2,30.31,2.81,33.76,1.76,0.31,11.94, 2.00, 9.70,32.56, 604.3, 1.2, 1.1,0, 0.00, 0.00, 0.30, 0.04,-0.09,53.82,44.70, 1.48, 0.00, 0.00
712,2,31.18,2.68,31.34,1.66,0.30,10.69, 1.98,11.71,31.86, 589.9, 1.4, 0.4,0, 0.00, 0.00, 0.00, 1.75,-0.34,54.52,45.92, 0.00, 0.00, 0.00
713,2,31.21,2.99,33.07,1.77,0.38,11.26, 1.77,10.31,28.72, 566.6, 1.2, 0.5,0, 0.78, 0.00, 0.25, 0.00, 0.08,57.08,44.38, 0.00, 0.31, 0.00
714,2,28.30,2.84,33.09,1.47,0.36,12.63, 2.31,10.60,33.43, 453.1, 3.0, 0.7,0, 0.72, 0.00, 0.68, 0.00,-0.20,56.80,45.65, 0.00, 1.71, 0.00
715,2,29.40,2.66,33.39,1.72,0.39,11.26, 1.16,11.55,31.80, 551.3, 2.2, 0.3,0, 0.06, 0.00, 0.69, 0.00, 0.11,58.54,43.44, 0.00, 2.42, 0.63
716,2,31.04,2.57,32.31,1.79,0.38,11.10, 2.03,11.49,31.09, 592.8, 1.8, 0.3,0, 0.60, 0.00, 0.32, 0.00, 0.09,56.16,44.97, 0.00, 1.41, 0.66
717,2,29.33,2.76,34.06,1.51,0.36,11.50, 1.79,10.38,30.03, 577.8, 2.3, 1.2,0, 1.23, 0.32, 0.06, 1.64,-0.11,56.99,44.92, 0.00, 0.00, 0.00
718,2,29.78,2.63,33.44,1.46,0.33,11.76, 1.54, 9.62,27.88, 531.2, 1.6, 0.8,0, 0.96, 0.00, 0.09, 0.00,-0.03,58.69,45.10, 0.00, 0.00, 0.00
719,2,31.76,2.60,32.44,1.79,0.31,10.55, 1.40,11.24,28.50, 422.9, 1.1, 0.8,0, 0.00, 0.32, 0.60, 0.00,-0.11,54.22,44.59, 1.19, 1.36, 0.14
720,2,31.16,2.94,30.28,1.51,0.36,12.75, 1.19,10.69,26.73, 618.1, 1.3, 0.7,0, 2.21, 0.95, 0.00, 0.25, 0.17,56.22,43.99, 0.00, 0.00, 0.00
721,2,30.42,2.53,32.12,1.65,0.34,12.86, 1.45,10.66,25.17, 586.5, 1.1, 0.9,0, 0.47, 0.71, 0.00, 0.00, 0.75,57.29,43.95, 0.00, 0.00, 1.01
722,2,29.79,2.70,34.30,1.41,0.39,12.16, 1.59, 9.36,31.47, 627.0, 1.7, 0.8,0, 0.00, 0.00, 0.00, 2.61, 0.10,55.53,45.11, 0.00, 4.57, 0.13
723,2,29.50,2.82,35.04,1.59,0.38,12.27, 1.65,11.07,34.15, 589.5, 1.5, 0.9,0, 0.98, 0.00, 0.00, 3.02, 0.42,58.54,43.37, 0.00, 0.31, 0.04
724,2,28.04,2.85,33.60,1.65,0.36,10.92, 2.20, 9.87,32.30, 506.5, 1.3, 0.6,0, 0.00, 0.00, 0.00, 0.00, 0.15,58.92,45.77, 0.00, 1.35, 0.00
725,2,31.96,2.68,34.14,1.52,0.37,12.51, 2.28,10.18,33.68, 544.8, 1.2, 0.6,0, 1.90, 0.08, 0.57, 1.82, 0.60,57.72,44.00, 0.00, 3.34, 0.25
726,2,28.10,2.71,34.97,1.54,0.36,12.38, 2.39, 9.32,25.99, 456.5, 1.6, 0.4,0, 1.57, 0.64, 0.24, 0.00,-0.37,58.07,43.58, 0.00, 0.00, 0.00
727,2,30.93,2.64,31.00,1.47,0.34,12.25, 1.81,11.92,29.41, 531.8, 2.9, 0.6,0, 0.00, 0.00, 0.00, 0.00, 0.34,57.83,44.66, 0.00, 0.00, 0.82
728,2,31.26,2.96,32.12,1.75,0.35,11.28, 1.51,11.88,27.78, 661.7, 2.6, 0.7,0, 3.45, 0.00, 0.00, 0.00, 0.03,50.96,44.88, 4.16, 4.32, 0.00
729,2,28.86,2.97,30.66,1.58,0.33,12.26, 1.68, 9.37,27.71, 530.2, 1.0, 0.2,0, 0.00, 0.31, 0.00, 0.00, 0.04,58.62,48.45, 0.00, 0.84, 0.33
730,2,30.07,2.94,31.51,1.76,0.35,10.27, 2.42,11.57,32.03, 441.1, 1.7, 0.4,0, 1.57, 0.00, 0.00, 0.44,-0.63,54.22,47.70, 0.00, 0.00, 0.66
731,2,30.32,2.84,32.59,1.55,0.37,12.54, 1.36, 9.55,25.94, 548.9, 1.4, 0.5,0, 0.40, 0.32, 0.00, 0.00,-0.17,58.47,45.08, 0.00, 0.00, 0.10
732,2,29.44,2.54,35.35,1.50,0.36,11.10, 2.08,11.28,33.08, 417.0, 2.7, 1.2,0, 0.75, 0.00, 0.00, 0.00,-0.42,52.17,46.99, 0.84, 0.00, 0.57
733,2,31.18,2.56,34.21,1.61,0.38,10.74, 1.26,10.89,25.26, 508.1, 2.4, 0.5,0, 0.00, 0.40, 0.80, 0.00,-0.15,56.72,44.62, 0.00, 0.00, 1.90
734,2,30.05,2.56,35.94,1.49,0.35,10.43, 1.02,11.00,29.14, 461.8, 2.5, 0.5,0, 0.96, 2.33, 0.70, 0.00,-0.11,58.71,46.87, 0.00, 0.00, 0.14
735,2,30.86,2.63,31.09,1.47,0.36,12.01, 1.86,11.74,25.07, 614.5, 1.4, 0.5,0, 0.56, 0.22, 0.00, 1.22,-0.12,55.13,45.91, 0.00, 3.47, 0.00
736,2,29.32,3.00,32.43,1.51,0.31,12.18, 1.24,11.66,28.09, 609.7, 2.0, 1.2,0, 0.00, 0.00, 0.00, 0.52, 0.12,58.40,46.75, 0.00, 0.00, 0.00
737,2,30.73,2.75,31.14,1.67,0.32,12.62, 2.09, 9.99,28.86, 658.9, 1.8, 0.4,0, 0.00, 0.13, 0.17, 1.94,-0.35,52.18,44.20, 3.62, 0.00, 0.81
738,2,30.18,2.91,35.80,1.79,0.30,12.88, 2.36, 9.27,26.13, 567.3, 2.5, 0.8,0, 0.00, 1.04, 0.00, 0.00,-0.20,55.52,44.01, 0.47, 0.00, 0.00
739,2,30.10,2.62,31.70,1.68,0.31,10.55, 2.01,10.65,27.30, 442.7, 1.8, 0.9,0, 0.42, 0.86, 0.00, 0.00,-0.47,57.50,45.17, 0.00, 2.67, 0.00
740,2,31.90,2.89,34.02,1.75,0.32,10.21, 2.14, 9.33,34.38, 537.5, 2.4, 1.1,0, 0.00, 0.00, 0.00, 0.13, 0.53,57.82,46.48, 0.00, 2.04, 0.15
741,2,29.70,2.53,31.59,1.74,0.39,10.99, 1.67,10.65,27.66, 587.9, 2.6, 0.7,0, 0.00, 0.03, 0.00, 2.38,-0.11,59.31,42.43, 0.00, 1.12, 0.00
742,2,30.52,2.70,32.77,1.75,0.35,10.05, 2.11,11.18,34.24, 490.3, 1.7, 1.0,0, 0.26, 0.00, 0.77, 1.07,-0.40,58.90,46.21, 0.00, 0.00, 0.00
743,2,31.35,2.91,33.71,1.46,0.36,12.94, 1.02,10.88,25.58, 489.8, 2.1, 1.1,0, 0.31, 1.24, 0.00, 0.37,-0.28,61.14,43.13, 0.00, 0.33, 1.16
744,2,31.32,2.79,33.98,1.47,0.34,10.29, 1.22, 9.86,25.58, 533.6, 1.9, 1.2,0, 0.00, 0.00, 0.00, 0.00,-0.06,56.79,44.75, 0.00, 0.00, 0.79
745,2,31.40,2.85,33.57,1.73,0.32,11.98, 1.91, 9.08,31.49, 647.6, 1.6, 0.6,0, 0.00, 0.00, 0.04, 2.20,-0.01,53.19,43.35, 3.47, 0.98, 0.00
746,2,29.14,2.70,30.38,1.79,0.33,11.69, 2.05, 9.71,30.20, 584.9, 1.6, 1.1,0, 0.00, 0.27, 0.45, 0.00, 0.28,59.66,45.39, 0.00, 3.61, 0.00
747,2,30.09,2.65,30.51,1.66,0.35,10.92, 1.36,10.31,34.75, 440.8, 1.1, 0.8,0, 0.05, 0.94, 0.36, 0.24, 0.31,55.49,46.45, 0.00, 0.08, 0.09
748,2,31.11,2.95,32.47,1.76,0.35,12.08, 2.38,10.13,26.46, 535.0, 1.0, 0.5,0, 2.18, 0.00, 0.15, 1.56,-0.17,60.30,44.69, 0.00, 0.00, 0.00
749,2,31.50,2.93,30.28,1.60,0.31,11.81, 1.52, 9.18,26.51, 437.8, 1.5, 0.6,0, 0.13, 0.47, 0.00, 0.00, 0.29,58.62,43.94, 0.00, 0.50, 0.96
750,2,28.59,2.78,31.42,1.48,0.32,11.21, 2.19,10.72,28.22, 626.8, 1.6, 0.7,0, 0.00, 0.27, 0.01, 0.49, 0.11,56.92,45.52, 0.00, 0.92, 1.62
751,2,29.76,2.71,32.88,1.53,0.39,12.82, 2.07,11.89,26.75, 626.5, 1.5, 0.5,0, 0.00, 0.00, 0.00, 0.58,-0.35,56.58,42.41, 1.01, 2.45, 0.00
752,2,30.16,2.60,35.50,1.40,0.39,12.03, 1.54, 9.05,29.17, 575.4, 2.9, 1.0,0, 1.82, 1.22, 0.24, 0.00,-0.61,55.70,43.96, 0.34, 0.00, 0.00
753,2,28.70,2.68,33.42,1.55,0.30,11.89, 2.13,10.26,26.41, 586.9, 2.4, 0.7,0, 0.00, 0.96, 0.00, 1.01,-0.33,57.84,46.04, 0.00, 1.76, 0.37
754,2,28.43,2.62,33.87,1.58,0.34,11.31, 1.20,10.69,30.16, 532.4, 1.1, 0.7,0, 0.00, 0.00, 0.41, 0.00, 0.49,52.31,43.47, 4.21, 0.39, 0.21
755,2,29.66,2.92,31.98,1.69,0.34,12.50, 2.47, 9.14,32.86, 492.9, 2.8, 1.0,0, 0.30, 0.00, 0.00, 0.00,-0.27,58.60,45.54, 0.00, 0.00, 0.92
756,2,30.07,2.71,30.25,1.56,0.36,10.91, 2.27,10.00,28.26, 498.8, 1.5, 0.6,0, 0.00, 0.64, 0.00, 0.32, 0.07,60.50,45.86, 0.00, 0.00, 0.00
757,2,30.81,2.62,31.55,1.66,0.35,10.82, 1.97, 9.09,25.39, 667.2, 3.0, 0.9,0, 0.00, 0.14, 0.33, 0.93, 0.61,49.50,40.61, 9.90, 2.25, 0.00
758,2,29.52,2.76,30.85,1.48,0.37,12.77, 1.67,10.54,34.18, 672.0, 1.8, 0.5,0, 0.22, 0.00, 0.40, 1.01,-0.05,53.87,46.92, 0.00, 0.00, 0.00
759,2,31.21,2.94,30.16,1.62,0.38,12.10, 1.15, 9.71,30.88, 688.9, 2.3, 0.3,0, 0.00, 0.21, 0.00, 0.79,-0.34,52.99,44.17, 2.84, 0.00, 0.66
760,2,31.28,2.63,32.24,1.46,0.34,12.03, 1.05,11.13,28.47, 620.3, 2.0, 0.6,0, 0.00, 0.99, 0.00, 0.00, 0.02,54.20,42.74, 3.06, 3.77, 0.78
761,2,29.56,2.80,32.56,1.64,0.38,11.14, 1.57, 9.78,32.91, 682.9, 2.0, 1.2,0, 0.00, 0.00, 0.00, 0.00, 0.27,49.73,43.85, 6.43, 0.00, 0.00
762,2,29.20,2.74,32.92,1.56,0.36,11.75, 1.48,10.96,33.24, 472.6, 2.0, 0.9,0, 0.51, 0.99, 0.00, 0.00, 0.28,60.61,47.37, 0.00, 1.88, 0.00
763,2,29.50,2.89,34.85,1.61,0.34,11.30, 1.91,10.13,33.29, 483.4, 2.2, 0.6,0, 0.00, 0.75, 0.19, 0.58, 0.10,60.45,44.22, 0.00, 3.27, 0.00
764,2,30.93,2.65,33.28,1.41,0.30,12.33, 1.98,11.81,34.20, 675.3, 1.5, 0.6,0, 0.00, 0.66, 0.00, 0.01,-0.45,48.55,46.01, 5.44, 0.00, 0.70
765,2,30.65,2.74,33.16,1.71,0.30,10.24, 2.10,10.63,32.96, 529.0, 1.8, 0.4,0, 0.35, 1.64, 0.00, 0.00,-0.07,58.69,44.55, 0.00, 0.00, 0.00
766,2,28.82,2.65,32.41,1.63,0.36,12.31, 2.24, 9.79,34.19, 423.7, 2.7, 1.1,0, 0.00, 0.00, 0.00, 1.34, 0.67,54.96,44.06, 0.98, 0.62, 0.03
767,2,30.10,2.51,32.65,1.57,0.35,12.44, 2.37,11.36,25.17, 556.6, 2.3, 0.2,0, 0.00, 0.31, 0.53, 0.01, 0.19,57.32,43.71, 0.00, 0.33, 1.16
768,2,31.83,2.58,33.93,1.50,0.34,10.40, 2.50,11.17,25.24, 690.3, 2.2, 0.7,0, 0.00, 0.00, 0.05, 0.00,-0.26,53.42,43.29, 3.29, 0.00, 0.00
769,2,29.92,2.53,33.80,1.46,0.32,12.80, 1.35,11.72,34.85, 580.8, 2.3, 0.3,0, 1.07, 0.00, 0.79, 0.87, 0.08,53.77,45.32, 0.92, 1.83, 0.00
770,2,29.07,2.82,33.73,1.60,0.37,12.83, 2.05,11.94,30.51, 466.2, 2.9, 0.6,0, 0.00, 0.10, 0.00, 0.00, 0.04,61.89,46.99, 0.00, 0.00, 0.56
771,2,28.48,2.54,34.89,1.44,0.36,11.63, 2.34,10.64,34.05, 590.7, 2.3, 0.9,0, 0.00, 0.00, 0.03, 0.61, 0.07,56.12,46.52, 0.00, 0.00, 0.00
772,2,28.83,2.66,30.34,1.47,0.38,12.05, 1.17, 9.80,31.88, 623.2, 1.7, 0.6,0, 0.00, 0.30, 0.83, 2.24,-0.19,55.43,46.95, 0.00, 0.00, 0.12
773,2,31.77,2.60,33.91,1.41,0.40,12.82, 1.36,10.59,25.58, 426.6, 2.9, 0.9,0, 0.00, 0.00, 0.00, 0.00,-0.50,56.36,45.07, 0.00, 0.00, 0.00
774,2,29.19,2.70,30.43,1.53,0.38,12.43, 2.43, 9.47,28.85, 633.2, 1.9, 0.9,0, 2.17, 0.84, 0.00, 1.15,-0.17,55.51,45.87, 0.00, 3.53, 0.79
775,2,30.17,2.57,32.79,1.49,0.31,10.11, 1.70,11.02,27.29, 475.1, 1.8, 0.8,0, 2.31, 0.00, 0.62, 1.15,-0.13,55.73,46.21, 0.00, 0.00, 0.28
776,2,28.35,2.60,30.81,1.62,0.38,10.96, 1.00, 9.56,30.43, 433.8, 2.1, 0.7,0, 0.00, 0.10, 0.00, 0.00,-0.39,55.02,42.84, 2.14, 0.62, 0.00
777,2,30.28,2.68,33.08,1.49,0.33,10.51, 1.97,11.76,32.71, 421.0, 2.1, 0.5,0, 1.63, 0.00, 0.51, 0.00,-0.03,51.10,46.64, 2.26, 0.88, 0.55
778,2,30.26,2.54,31.01,1.75,0.39,11.59, 1.94, 9.10,31.69, 574.4, 2.0, 0.4,0, 0.00, 0.00, 0.39, 0.00,-0.47,58.78,45.29, 0.00, 0.71, 0.00
779,2,30.92,2.73,33.67,1.65,0.36,11.25, 2.19,11.78,31.00, 533.3, 1.4, 0.2,0, 0.43, 0.75, 0.32, 0.43,-0.11,57.64,45.55, 0.00, 2.38, 0.47
780,2,28.82,2.91,34.57,1.55,0.35,12.87, 1.81,10.01,34.50, 529.9, 2.6, 0.6,0, 1.65, 1.56, 0.00, 0.00, 0.08,56.73,45.40, 0.00, 0.00, 0.00
781,2,30.13,2.97,31.38,1.48,0.31,12.07, 1.56,11.45,32.06, 427.3, 1.9, 0.8,0, 0.00, 0.00, 0.09, 0.00, 0.13,59.18,43.50, 0.00, 1.74, 0.49
782,2,29.26,2.87,33.19,1.71,0.32,12.56, 1.20,11.08,31.91, 484.1, 2.2, 1.1,0, 0.00, 0.28, 0.67, 1.11,-0.04,62.13,46.58, 0.00, 0.00, 0.00
783,2,31.74,2.81,30.16,1.71,0.31,12.16, 1.83, 9.90,30.28, 441.5, 2.7, 0.5,0, 0.37, 0.76, 0.46, 1.66, 0.16,60.82,46.22, 0.00, 0.00, 0.01
784,2,29.32,2.57,32.61,1.49,0.36,11.36, 2.39, 9.46,26.78, 471.6, 1.2, 1.0,0, 0.00, 0.00, 0.28, 1.09, 0.25,61.23,44.18, 0.00, 0.00, 0.09
785,2,29.13,2.76,35.81,1.40,0.38,10.42, 2.13,10.06,25.35, 621.4, 2.8, 0.8,0, 2.95, 1.15, 0.00, 0.00,-0.45,55.08,42.91, 2.01, 0.00, 0.29
786,2,28.60,2.90,32.58,1.47,0.35,10.69, 1.58, 9.43,27.05, 440.9, 1.7, 1.1,0, 0.00, 0.00, 0.48, 0.00,-0.14,53.36,45.08, 1.55, 0.00, 0.00
787,2,29.48,2.68,31.53,1.64,0.40,10.67, 1.27,11.07,27.09, 689.6, 1.3, 0.3,0, 0.64, 0.00, 0.00, 1.45, 0.14,49.34,45.18, 5.48, 0.00, 0.00
788,2,29.03,2.74,35.48,1.50,0.32,11.80, 1.37, 9.50,31.16, 500.9, 2.2, 0.7,0, 0.00, 0.00, 0.00, 0.00, 0.44,57.53,45.82, 0.00, 0.00, 1.51
789,2,30.91,2.74,32.68,1.67,0.32,12.08, 2.07,10.09,29.37, 634.2, 2.6, 0.6,0, 0.92, 0.54, 0.00, 0.00, 0.17,52.39,45.59, 2.02, 0.00, 0.45
790,2,28.74,2.78,33.10,1.68,0.32,12.30, 1.65,11.64,28.39, 638.1, 1.1, 0.4,0, 1.72, 0.00, 0.00, 0.00, 0.16,54.16,46.62, 0.00, 0.00, 0.42
791,2,28.53,2.54,30.19,1.64,0.38,10.36, 1.41,11.50,33.59, 681.4, 1.4, 1.1,0, 0.00, 0.00, 0.00, 0.00, 0.18,48.54,45.60, 5.86, 1.92, 0.00
792,2,31.79,2.96,33.08,1.67,0.40,10.54, 1.92, 9.99,33.68, 698.0, 1.1, 0.3,0, 1.94, 0.00, 0.00, 0.00, 0.42,49.40,42.69, 7.91, 0.00, 0.00
793,2,28.20,2.82,34.38,1.46,0.40,12.40, 1.34,11.15,27.85, 407.6, 2.9, 0.8,0, 0.00, 0.00, 0.00, 0.00, 0.09,54.18,41.17, 4.65, 3.23, 0.00
794,2,30.20,2.92,35.99,1.63,0.32,11.57, 1.72, 9.72,32.69, 582.7, 2.2, 1.1,0, 0.00, 0.00, 0.10, 0.80,-0.38,56.20,45.58, 0.00, 1.52, 1.09
795,2,31.87,2.64,32.70,1.78,0.37,10.91, 2.27,11.52,32.39, 475.6, 2.9, 1.2,0, 0.34, 0.00, 1.17, 0.00, 0.47,58.71,45.05, 0.00, 0.00, 0.33
796,2,29.94,2.97,30.76,1.43,0.33,12.15, 1.91, 9.87,25.74, 412.7, 1.3, 0.8,0, 0.19, 0.00, 0.00, 0.00, 0.08,55.21,43.10, 1.69, 2.66, 1.67
797,2,31.56,2.55,32.72,1.42,0.35,10.49, 2.16, 9.66,25.20, 409.9, 1.5, 0.7,0, 1.45, 1.41, 0.00, 0.48, 0.16,55.31,42.73, 1.96, 0.00, 0.40
798,2,30.91,2.74,35.04,1.65,0.37,12.91, 2.39,10.21,32.54, 625.7, 2.3, 0.4,0, 0.08, 0.00, 1.39, 3.32,-0.38,54.12,46.38, 0.00, 0.58, 0.39
799,2,28.44,2.64,33.05,1.71,0.31,11.92, 1.86, 9.52,26.35, 631.0, 1.7, 0.7,0, 0.92, 0.00, 0.00, 0.00,-0.24,55.14,42.18, 2.67, 0.12, 0.00
800,2,29.34,2.88,31.46,1.53,0.33,12.31, 1.82,11.93,27.42, 507.8, 2.1, 0.6,0, 1.85, 0.00, 0.39, 0.97,-0.19,61.94,44.51, 0.00, 4.91, 0.62
801,2,30.85,2.64,33.18,1.62,0.33,12.04, 1.73,10.83,30.16, 481.2, 1.5, 0.9,0, 4.07, 0.00, 0.00, 0.86, 0.18,55.75,44.48, 0.00, 1.24, 0.16
802,2,30.01,2.99,31.37,1.66,0.30,10.90, 1.53, 9.20,26.80, 522.1, 1.8, 0.3,0, 0.00, 0.00, 0.00, 0.78, 0.29,55.24,45.56, 0.00, 3.12, 0.00
803,2,29.23,2.96,34.75,1.72,0.33,13.00, 1.15,10.67,29.96, 693.6, 2.1, 0.9,0, 0.00, 0.05, 0.17, 1.75,-0.07,51.05,42.33, 6.62, 0.00, 0.00
804,2,28.12,2.69,30.40,1.55,0.36,10.76, 1.19,10.91,28.20, 546.8, 2.4, 1.1,0, 0.71, 0.00, 0.00, 0.00,-0.14,60.19,42.50, 0.00, 0.00, 0.00
805,2,31.33,2.99,33.18,1.60,0.32,12.60, 1.05, 9.04,30.71, 609.7, 1.7, 0.2,0, 0.22, 0.00, 0.00, 1.17,-0.06,52.68,45.16, 2.16, 0.00, 0.53
806,2,28.40,2.80,34.37,1.54,0.35,10.71, 2.11,10.23,30.86, 659.1, 2.6, 0.4,0, 0.00, 0.71, 0.07, 0.00, 0.49,50.35,46.65, 3.00, 1.90, 1.14
807,2,30.36,2.52,30.63,1.71,0.32,10.88, 1.07,10.45,27.79, 534.4, 1.3, 1.0,0, 1.71, 1.48, 0.00, 0.36, 0.54,56.65,47.61, 0.00, 0.00, 0.00
808,2,30.84,2.69,34.53,1.51,0.39,12.66, 2.17,11.98,28.87, 623.7, 1.2, 0.5,0, 1.65, 0.00, 0.00, 0.00,-0.45,58.04,45.03, 0.00, 0.00, 0.00
809,2,29.14,2.68,35.92,1.72,0.35,10.34, 2.19,10.41,25.35, 556.1, 1.9, 0.4,0, 0.18, 1.09, 0.00, 0.00, 0.28,55.28,46.71, 0.00, 0.00, 0.00
810,2,30.50,2.80,32.51,1.78,0.35,11.86, 1.65, 9.95,27.17, 639.1, 1.8, 0.4,0, 0.91, 0.00, 0.00, 0.00,-0.00,52.11,43.37, 4.52, 3.96, 0.52
811,2,30.64,2.60,35.23,1.40,0.34,11.59, 2.20,11.33,27.58, 592.9, 2.4, 0.4,0, 0.15, 0.53, 0.00, 0.63, 0.45,53.05,44.98, 1.97, 0.00, 0.00
812,2,30.50,2.91,32.47,1.69,0.36,12.55, 1.68,10.93,32.55, 631.8, 2.3, 0.5,0, 0.00, 0.00, 0.00, 0.13, 0.16,55.81,43.58, 0.61, 0.00, 0.00
813,2,28.90,2.56,30.03,1.75,0.37,12.82, 1.20,10.15,28.48, 540.6, 2.6, 0.6,0, 2.02, 0.00, 0.00, 0.17, 0.07,60.19,47.34, 0.00, 0.00, 0.21
814,2,31.32,2.76,30.84,1.49,0.38,11.85, 2.23, 9.44,26.95, 635.7, 1.5, 1.0,0, 0.00, 1.17, 1.43, 0.00,-0.61,55.61,46.85, 0.00, 0.00, 0.00
815,2,28.39,2.77,31.71,1.66,0.34,12.00, 1.31, 9.47,25.49, 444.8, 2.8, 0.3,0, 0.00, 0.00, 0.77, 0.00,-0.01,57.35,46.17, 0.00, 1.68, 0.00
816,2,28.81,2.58,34.23,1.61,0.39,12.98, 2.05, 9.35,33.90, 484.4, 2.0, 0.4,0, 0.01, 1.18, 0.00, 0.00, 0.25,65.42,43.26, 0.00, 2.57, 0.00
817,2,29.91,2.60,34.05,1.51,0.34,11.78, 2.37,11.86,30.76, 450.1, 2.3, 1.1,0, 0.00, 0.00, 0.00, 1.65,-0.29,56.36,46.24, 0.00, 0.00, 1.22
818,2,29.75,2.53,35.89,1.74,0.32,12.45, 1.62,10.94,27.34, 609.7, 2.9, 1.0,0, 0.62, 1.39, 0.38, 1.75,-0.37,54.87,43.71, 1.42, 0.00, 0.00
819,2,30.87,2.54,36.00,1.40,0.33,10.37, 1.92, 9.36,30.19, 684.5, 2.2, 0.7,0, 0.00, 0.63, 0.41, 0.00, 0.35,48.38,43.76, 7.86, 0.00, 0.00
820,2,31.69,2.86,34.48,1.59,0.33,12.47, 2.45, 9.73,34.72, 558.2, 1.9, 0.6,0, 1.17, 1.43, 0.59, 0.81,-0.24,56.58,46.15, 0.00, 0.00, 0.24
821,2,30.23,2.91,34.39,1.66,0.33,11.71, 1.75,11.01,30.24, 568.4, 1.1, 1.2,0, 0.00, 0.00, 0.00, 0.73, 0.16,54.85,44.50, 0.65, 0.95, 0.00
822,2,28.81,2.80,34.81,1.48,0.35,12.19, 1.98,10.83,34.45, 538.9, 1.1, 0.4,0, 0.00, 0.00, 0.21, 1.32, 0.00,56.54,46.15, 0.00, 0.00, 0.00
823,2,28.71,2.74,35.33,1.51,0.38,10.55, 2.12, 9.88,34.69, 629.1, 1.8, 0.6,0, 0.00, 1.07, 0.00, 1.64,-0.14,51.47,45.63, 2.90, 0.00, 0.00
824,2,30.14,2.83,31.30,1.76,0.39,10.85, 2.28,10.20,32.91, 426.8, 2.2, 0.9,0, 0.00, 0.47, 0.00, 0.00,-0.12,59.05,47.57, 0.00, 0.00, 0.97
825,2,30.32,2.69,33.69,1.78,0.38,11.52, 2.29,11.53,33.61, 454.0, 2.9, 0.7,0, 1.04, 0.00, 0.00, 0.00,-0.10,57.60,45.19, 0.00, 1.27, 0.00
826,2,30.46,2.82,33.02,1.58,0.31,10.31, 2.30,11.29,28.21, 665.0, 1.8, 0.7,0, 0.43, 0.54, 0.00, 0.00,-0.34,50.59,45.34, 4.07, 3.09, 0.00
827,2,29.86,2.88,34.65,1.79,0.38,12.36, 1.34, 9.54,30.98, 547.4, 1.6, 1.1,0, 0.00, 0.00, 0.07, 0.00, 0.15,61.33,48.47, 0.00, 4.65, 0.21
828,2,28.31,2.90,32.89,1.63,0.39,10.26, 2.25,10.87,27.51, 484.3, 1.5, 1.1,0, 0.21, 0.00, 0.59, 0.00, 0.21,57.82,44.59, 0.00, 1.21, 0.80
829,2,29.06,2.81,31.15,1.46,0.36,10.64, 2.48,10.81,25.86, 535.1, 1.2, 0.9,0, 2.22, 1.58, 0.44, 0.04, 0.34,58.97,44.57, 0.00, 2.09, 0.00
830,2,28.21,2.64,34.65,1.47,0.34,10.21, 1.10,10.60,30.91, 690.7, 2.7, 0.2,0, 0.00, 1.18, 0.12, 0.00,-0.04,47.92,45.78, 6.29, 1.08, 0.00
831,2,29.16,2.60,34.18,1.63,0.35,10.84, 1.56,10.50,33.54, 551.6, 1.0, 1.1,0, 2.18, 0.32, 0.00, 0.00, 0.07,55.17,45.28, 0.00, 0.00, 0.45
832,2,30.32,2.56,35.31,1.50,0.31,10.12, 2.19,10.98,27.04, 607.9, 2.9, 1.1,0, 0.00, 0.00, 0.00, 0.00, 0.34,55.07,47.05, 0.00, 0.74, 0.00
833,2,29.51,2.56,33.16,1.66,0.33,11.72, 1.84,11.70,33.46, 484.5, 1.5, 0.8,0, 0.00, 0.00, 0.72, 0.53, 0.64,56.58,42.26, 1.16, 1.09, 0.00
834,2,29.79,2.84,31.76,1.68,0.31,11.91, 2.04,11.51,34.62, 482.0, 3.0, 0.9,0, 0.00, 0.36, 0.00, 0.00, 0.39,56.80,44.45, 0.00, 0.00, 0.00
835,2,29.40,2.56,31.64,1.60,0.37,12.79, 1.63, 9.45,34.00, 403.4, 1.3, 0.5,0, 0.00, 1.27, 0.00, 0.00, 0.25,54.65,45.69, 0.00, 1.09, 0.00
836,2,30.50,2.50,31.81,1.77,0.35,12.38, 1.76, 9.64,34.92, 416.4, 2.4, 0.4,0, 0.00, 2.25, 0.00, 0.56, 0.00,55.57,45.30, 0.00, 3.06, 0.81
837,2,30.06,2.84,35.87,1.43,0.32,11.23, 2.32, 9.37,27.37, 570.5, 2.1, 0.3,0, 0.15, 0.00, 0.00, 0.00, 0.34,56.58,47.15, 0.00, 0.00, 0.14
838,2,28.56,2.75,30.75,1.60,0.33,12.84, 2.35,12.00,30.45, 451.7, 2.7, 1.0,0, 0.57, 0.27, 0.63, 1.30, 0.01,57.72,43.62, 0.00, 4.38, 0.60
839,2,31.22,2.90,35.27,1.66,0.36,10.09, 2.48,11.73,30.23, 494.5, 2.9, 1.2,0, 0.54, 0.63, 0.00, 0.00,-0.53,61.08,47.77, 0.00, 3.53, 0.00
840,2,29.08,2.62,35.63,1.75,0.30,12.42, 1.49,11.96,31.71, 558.9, 1.1, 1.1,0, 1.28, 1.49, 0.00, 0.00, 0.31,57.47,44.85, 0.00, 2.85, 0.00
841,2,29.05,2.90,31.73,1.55,0.40,12.26, 2.23, 9.46,28.28, 686.5, 1.3, 1.1,0, 2.53, 0.00, 0.00, 0.00, 0.06,54.74,43.36, 1.91, 1.66, 0.00
842,2,29.34,2.79,33.57,1.45,0.39,12.78, 2.45,10.78,28.68, 412.3, 1.2, 0.7,0, 0.84, 0.00, 1.32, 0.00, 0.24,59.12,46.04, 0.00, 0.15, 0.00
843,2,28.76,2.87,32.40,1.76,0.39,10.96, 1.49,11.11,32.57, 619.1, 1.5, 1.1,0, 1.68, 0.79, 0.00, 0.00, 0.60,52.11,43.40, 4.50, 0.00, 0.23
844,2,30.95,2.63,32.95,1.60,0.34,11.93, 2.43,11.76,27.33, 431.5, 2.1, 0.5,0, 0.15, 0.43, 0.82, 0.00, 0.37,55.91,45.22, 0.00, 1.28, 0.00
845,2,31.96,2.86,33.49,1.65,0.32,12.73, 1.78, 9.67,34.89, 583.4, 2.0, 0.6,0, 0.00, 0.00, 0.00, 0.00, 0.05,56.69,45.91, 0.00, 0.00, 0.00
846,2,30.89,2.73,32.48,1.47,0.30,12.43, 1.71,10.32,28.64, 538.3, 2.4, 0.2,0, 0.00, 1.97, 0.44, 0.74, 0.03,58.24,44.59, 0.00, 3.62, 0.00
847,2,29.39,2.69,35.75,1.54,0.35,12.78, 1.06,10.86,26.97, 651.0, 1.1, 0.5,0, 0.04, 0.66, 0.00, 1.67, 0.30,52.23,43.13, 4.63, 0.37, 1.40
848,2,30.53,2.52,30.16,1.62,0.37,11.80, 1.08,11.42,34.64, 621.3, 1.3, 0.7,0, 0.00, 2.23, 0.15, 1.56, 0.53,54.12,45.13, 0.75, 2.46, 0.26
849,2,31.80,2.93,31.36,1.55,0.37,12.45, 2.39,11.13,32.23, 493.6, 2.9, 0.7,0, 0.94, 0.13, 0.00, 4.76, 0.05,63.00,47.32, 0.00, 0.87, 1.40
850,2,29.59,2.77,30.15,1.51,0.32,11.98, 2.44,10.63,30.96, 637.4, 1.3, 0.7,0, 0.00, 0.00, 0.00, 0.70, 0.57,50.59,46.15, 3.25, 1.79, 0.00
851,2,29.19,2.72,34.44,1.70,0.32,11.87, 2.47,10.79,33.81, 440.2, 2.5, 0.3,0, 0.00, 0.00, 0.60, 1.38, 0.17,57.72,47.25, 0.00, 0.00, 0.89
852,2,31.48,2.71,31.78,1.42,0.40,12.78, 1.28, 9.27,33.50, 567.8, 1.6, 0.9,0, 1.50, 0.09, 0.00, 0.34, 0.11,56.35,42.79, 0.86, 1.48, 0.74
853,2,31.22,2.63,31.19,1.44,0.37,12.98, 1.10, 9.91,34.27, 690.2, 2.3, 0.7,0, 0.00, 0.19, 0.66, 0.00,-0.32,52.49,41.58, 5.93, 0.00, 0.72
854,2,28.44,2.77,30.07,1.59,0.30,11.43, 2.45, 9.53,33.54, 498.6, 2.0, 0.3,0, 1.29, 0.00, 0.50, 0.12, 0.58,57.80,48.03, 0.00, 0.00, 0.00
855,2,30.85,2.59,35.04,1.50,0.32,10.98, 1.83,11.07,34.67, 426.5, 2.3, 0.4,0, 0.06, 0.18, 0.00, 0.00,-0.26,54.09,42.19, 3.73, 0.00, 0.24
856,2,31.57,2.51,35.49,1.68,0.39,12.20, 1.86,11.39,31.06, 605.6, 1.4, 1.1,0, 0.37, 0.45, 0.70, 0.29,-0.76,52.30,46.29, 1.42, 0.40, 0.00
857,2,29.98,2.71,35.81,1.50,0.33,11.21, 1.48,11.03,26.97, 636.5, 2.4, 1.1,0, 1.47, 0.66, 0.00, 1.95, 0.13,52.17,46.05, 1.78, 0.00, 0.33
858,2,30.12,2.97,31.90,1.55,0.35,11.08, 1.85,10.80,34.13, 536.0, 1.8, 0.8,0, 0.03, 0.49, 0.16, 1.60, 0.31,58.41,46.70, 0.00, 0.00, 0.00
859,2,29.94,2.88,35.51,1.49,0.37,10.33, 1.27,11.67,27.05, 428.4, 1.9, 0.9,0, 0.00, 0.40, 0.00, 1.58,-0.25,58.62,42.84, 0.00, 0.00, 0.00
860,2,31.67,3.00,35.35,1.65,0.31,11.61, 2.24, 9.86,33.90, 556.4, 1.6, 0.4,0, 0.44, 0.27, 0.00, 0.91, 0.38,57.79,45.84, 0.00, 0.00, 1.76
861,2,28.79,2.78,31.76,1.65,0.37,12.12, 1.68,11.44,34.61, 433.9, 2.4, 1.1,0, 0.00, 0.47, 0.00, 0.00, 0.41,57.60,43.23, 0.00, 0.00, 0.67
862,2,30.59,2.69,31.88,1.69,0.32,11.43, 1.50, 9.20,25.09, 687.9, 2.8, 0.4,0, 0.00, 1.26, 0.00, 1.25,-0.43,51.22,43.62, 5.16, 0.00, 0.00
863,2,30.29,2.89,30.47,1.53,0.32,10.98, 1.96, 9.49,33.43, 633.9, 1.6, 1.0,0, 0.00, 0.00, 0.00, 0.16, 0.38,51.61,45.42, 2.97, 0.81, 1.58
864,2,29.46,2.97,30.06,1.73,0.31,12.37, 2.26, 9.27,29.62, 600.9, 2.0, 0.8,0, 0.26, 0.00, 0.63, 1.44,-0.08,57.98,44.88, 0.00, 0.00, 0.00
865,2,31.22,2.88,35.10,1.64,0.39,10.64, 2.13,11.39,25.79, 643.7, 2.9, 0.7,0, 0.00, 0.00, 0.00, 0.00,-0.25,50.03,44.74, 5.24, 8.34, 0.00
866,2,28.41,2.60,34.41,1.74,0.37,11.74, 2.17,11.60,32.11, 661.6, 1.5, 0.6,0, 0.79, 0.51, 0.00, 0.39, 0.22,51.73,44.14, 4.13, 0.00, 0.00
867,2,30.39,2.51,35.00,1.57,0.36,11.80, 1.60, 9.41,25.03, 650.6, 3.0, 0.8,0, 0.00, 0.00, 0.04, 0.00,-0.03,56.25,46.34, 0.00, 1.78, 0.23
868,2,28.80,2.84,35.83,1.77,0.34,12.57, 2.19, 9.59,27.49, 530.9, 1.7, 0.4,0, 0.52, 1.38, 0.00, 0.70, 0.08,59.59,46.56, 0.00, 3.11, 0.21
869,2,28.46,2.86,34.84,1.64,0.36,12.33, 1.64,10.47,31.45, 438.6, 2.0, 0.9,0, 0.00, 0.00, 0.11, 0.00, 0.62,58.86,43.04, 0.00, 1.18, 0.40
870,2,31.60,2.94,30.67,1.62,0.38,11.30, 1.77,10.26,31.40, 624.8, 1.5, 0.8,0, 0.00, 0.53, 0.00, 1.69,-0.33,53.15,45.16, 1.69, 0.00, 0.29
871,2,28.19,2.83,30.91,1.53,0.34,11.53, 2.33,10.61,26.28, 497.4, 1.9, 0.2,0, 1.16, 0.56, 0.00, 0.00, 0.14,64.52,47.33, 0.00, 4.31, 0.00
872,2,29.59,2.71,33.50,1.71,0.30,11.10, 1.85,10.40,32.20, 477.5, 2.5, 0.6,0, 0.00, 0.53, 0.05, 0.74,-0.19,60.56,44.84, 0.00, 4.06, 0.48
873,2,31.62,2.66,32.68,1.74,0.40,12.77, 1.16, 9.98,29.31, 553.6, 2.6, 0.7,0, 0.63, 0.00, 1.01, 0.00, 0.22,61.84,46.33, 0.00, 0.00, 1.71
874,2,28.49,2.88,35.88,1.77,0.40,10.79, 2.45, 9.54,30.02, 554.4, 2.9, 0.9,0, 0.00, 0.99, 0.68, 1.65, 0.35,60.23,43.80, 0.00, 0.00, 0.00
875,2,28.60,2.91,32.62,1.70,0.36,10.75, 1.65,11.77,31.17, 689.4, 2.7, 0.5,0, 0.00, 0.00, 0.12, 1.62,-0.19,51.27,48.04, 0.68, 0.00, 0.09
876,2,28.10,2.76,34.97,1.42,0.35,11.86, 1.93,10.31,26.33, 495.0, 2.5, 0.4,0, 2.26, 1.14, 0.00, 1.42, 0.23,58.99,45.74, 0.00, 0.97, 0.75
877,2,29.81,2.92,33.97,1.43,0.39,10.21, 1.74,11.90,28.11, 518.4, 2.4, 1.0,0, 0.00, 0.00, 0.66, 0.73, 0.11,59.09,46.12, 0.00, 2.59, 0.98
878,2,29.72,2.71,35.94,1.78,0.30,12.11, 2.07, 9.32,27.55, 589.7, 2.4, 1.2,0, 0.00, 0.00, 0.34, 0.00, 0.68,55.32,44.51, 0.17, 0.95, 0.40
879,2,28.72,2.88,32.36,1.54,0.38,10.17, 2.12, 9.61,29.28, 633.0, 2.1, 0.4,0, 0.00, 0.00, 0.00, 0.62,-0.47,54.52,45.29, 0.20, 0.00, 0.62
880,2,28.49,2.57,32.43,1.57,0.39,11.77, 2.03,11.98,31.71, 422.9, 1.1, 0.6,0, 0.00, 0.00, 0.57, 0.00, 0.29,57.83,46.16, 0.00, 0.00, 0.47
881,2,30.84,2.64,30.65,1.49,0.34,11.99, 1.57, 9.40,30.80, 417.7, 2.6, 1.1,0, 0.00, 0.00, 0.00, 2.31,-0.52,59.09,42.79, 0.00, 1.76, 0.50
882,2,28.56,2.89,30.97,1.58,0.37,11.63, 2.33,10.31,25.29, 473.8, 2.5, 0.8,0, 0.00, 1.01, 0.00, 0.00,-0.25,61.71,45.97, 0.00, 0.00, 0.00
883,2,29.29,2.56,31.45,1.60,0.33,12.88, 1.47,11.73,33.26, 428.3, 2.3, 1.1,0, 0.00, 0.00, 0.13, 0.00,-0.45,59.70,45.83, 0.00, 0.48, 0.91
884,2,31.16,2.59,35.55,1.43,0.36,10.55, 1.39,11.13,32.39, 579.3, 2.6, 0.4,0, 0.75, 0.00, 0.00, 1.88, 0.28,50.29,42.10, 7.61, 0.00, 0.42
885,2,28.97,2.96,35.76,1.79,0.38,12.47, 1.34,10.68,32.17, 683.4, 3.0, 0.4,0, 0.00, 0.74, 0.00, 0.12,-0.44,55.04,44.50, 0.46, 5.09, 0.15
886,2,28.65,2.67,35.70,1.53,0.35,11.14, 1.30, 9.06,27.78, 584.0, 1.3, 0.3,0, 0.00, 0.00, 0.29, 1.20, 0.35,56.57,45.36, 0.00, 0.00, 1.27
887,2,30.52,2.91,33.73,1.64,0.38,10.78, 2.48, 9.40,26.56, 486.7, 2.5, 0.8,0, 0.00, 0.20, 0.00, 0.00,-0.25,59.36,45.16, 0.00, 0.00, 0.94
888,2,30.57,2.84,34.98,1.70,0.33,10.59, 2.13, 9.75,32.85, 608.1, 1.4, 0.9,0, 0.10, 0.41, 0.83, 0.00, 0.10,54.38,46.94, 0.00, 1.73, 0.00
889,2,30.62,2.53,32.48,1.45,0.39,11.08, 2.01, 9.94,34.07, 401.1, 2.3, 0.7,0, 0.00, 0.60, 0.00, 0.00, 0.09,53.96,45.26, 0.77, 0.60, 0.00
890,2,29.91,2.73,33.88,1.40,0.36,12.38, 2.20, 9.66,34.80, 456.5, 2.4, 0.6,0, 1.40, 1.30, 0.04, 0.00, 0.25,56.14,44.93, 0.00, 1.05, 0.00
891,2,28.54,2.62,35.46,1.48,0.33,10.70, 1.23,10.43,25.67, 437.1, 1.2, 0.8,0, 0.00, 0.87, 0.04, 0.00, 0.32,56.38,44.45, 0.00, 0.00, 0.00
892,2,29.35,2.52,34.97,1.60,0.37,12.53, 1.61, 9.29,28.05, 571.8, 1.9, 0.6,0, 0.52, 0.00, 0.21, 1.09, 0.11,55.10,43.90, 1.00, 0.00, 0.95
893,2,28.87,2.87,30.74,1.77,0.36,11.69, 2.46,10.32,30.52, 542.0, 1.8, 0.7,0, 0.00, 0.68, 0.00, 1.28, 0.36,57.25,42.38, 0.37, 0.00, 0.00
894,2,30.33,2.73,32.75,1.65,0.33,11.21, 1.47,10.79,33.16, 563.1, 2.8, 1.0,0, 0.00, 0.00, 0.00, 3.49, 0.23,58.87,45.96, 0.00, 0.16, 0.00
895,2,29.15,2.67,31.79,1.78,0.39,10.44, 2.33,10.37,25.15, 463.5, 1.9, 1.1,0, 0.10, 0.73, 0.00, 0.00,-0.16,54.84,44.44, 0.72, 1.17, 0.08
896,2,28.99,2.62,31.96,1.59,0.37,11.77, 2.11,10.82,29.90, 550.5, 2.6, 0.5,0, 0.77, 0.93, 0.28, 0.37,-0.36,56.75,45.62, 0.00, 0.00, 0.98
897,2,28.61,2.83,32.37,1.75,0.36,11.68, 1.13,11.34,34.08, 418.2, 1.5, 0.3,0, 2.38, 0.35, 0.00, 0.95,-0.04,58.36,47.31, 0.00, 0.00, 0.71
898,2,30.64,2.66,31.16,1.57,0.33,10.63, 1.88,10.68,32.28, 580.7, 3.0, 0.5,0, 0.55, 0.44, 0.00, 0.00,-0.22,53.37,43.94, 2.69, 0.19, 0.00
899,2,28.23,2.51,35.40,1.51,0.37,10.77, 1.55,10.91,30.65, 620.6, 1.2, 0.9,0, 0.00, 0.00, 0.22, 0.31,-0.45,51.82,44.33, 3.85, 0.00, 0.00
900,2,29.91,2.75,32.98,1.66,0.30,12.92, 2.12,11.46,30.20, 690.1, 2.5, 1.0,0, 0.19, 2.84, 0.78, 1.34, 0.29,52.86,44.32, 2.82, 0.00, 2.05
901,2,29.43,2.68,34.06,1.59,0.32,12.26, 2.12, 9.43,34.59, 660.3, 2.6, 1.2,0, 0.00, 0.00, 0.00, 0.99, 0.36,55.57,46.50, 0.00, 2.85, 0.00
902,2,29.46,2.51,34.04,1.74,0.32,12.01, 1.10,11.65,34.00, 445.7, 1.5, 1.0,0, 0.00, 0.09, 0.00, 2.14,-0.02,61.73,45.36, 0.00, 2.69, 0.08
903,2,29.57,2.96,33.59,1.69,0.31,11.68, 1.27,10.83,28.30, 629.4, 1.4, 0.6,0, 1.92, 0.03, 0.31, 0.00, 0.09,54.99,45.64, 0.00, 0.00, 0.22
904,2,29.26,2.71,32.07,1.42,0.31,10.29, 2.46,10.59,33.47, 590.0, 2.9, 0.7,0, 2.91, 0.00, 0.21, 2.43,-0.37,55.08,42.81, 2.11, 0.00, 0.00
905,2,30.73,2.56,35.70,1.66,0.31,10.96, 2.14,10.04,32.42, 691.9, 1.9, 1.2,0, 0.00, 0.01, 0.00, 0.39,-0.24,53.37,43.33, 3.31, 3.19, 0.00
906,2,28.17,2.92,35.65,1.51,0.36,11.40, 1.13,11.46,27.69, 581.8, 1.1, 1.1,0, 0.00, 0.07, 0.00, 1.06, 0.05,57.64,46.26, 0.00, 0.00, 0.00
907,2,31.67,2.92,34.86,1.56,0.39,11.01, 1.41, 9.37,30.84, 560.8, 1.6, 1.1,0, 1.13, 0.55, 0.17, 0.07, 0.02,57.39,47.50, 0.00, 2.65, 0.23
908,2,28.73,2.51,32.71,1.58,0.34,12.17, 2.22,11.26,27.19, 562.0, 1.0, 0.4,0, 1.67, 0.00, 0.54, 0.17, 0.54,56.73,42.63, 0.64, 0.00, 0.00
909,2,30.29,2.86,33.71,1.78,0.38,12.69, 1.22,10.75,28.37, 499.6, 2.3, 0.3,0, 0.00, 0.00, 1.56, 0.00, 0.43,64.16,45.05, 0.00, 1.87, 0.33
910,2,28.65,2.99,34.20,1.61,0.35,10.65, 1.91, 9.50,33.39, 663.9, 1.2, 0.5,0, 0.00, 0.00, 0.57, 1.02, 0.02,52.02,44.57, 3.41, 1.62, 0.00
911,2,30.00,2.87,34.69,1.48,0.31,10.78, 2.03,11.46,34.33, 422.8, 1.1, 0.4,0, 0.00, 0.00, 0.00, 0.99,-0.19,56.52,43.42, 0.06, 2.14, 0.00
912,2,31.18,2.81,35.51,1.45,0.33,10.40, 2.10,10.86,25.20, 522.3, 2.6, 0.3,0, 1.79, 0.22, 0.33, 0.00,-0.03,58.04,43.86, 0.00, 1.64, 0.00
913,2,29.89,2.57,30.38,1.45,0.33,11.37, 1.28,10.94,28.38, 491.2, 2.5, 1.0,0, 0.00, 0.00, 0.40, 0.92, 0.12,61.71,42.77, 0.00, 0.41, 0.31
914,2,29.81,2.94,34.11,1.78,0.39,10.42, 1.06, 9.10,26.90, 616.0, 1.5, 1.1,0, 0.00, 0.00, 0.00, 0.00,-0.13,50.39,44.31, 5.30, 1.13, 0.00
915,2,29.13,2.82,34.36,1.70,0.37,11.74, 2.18,10.27,29.00, 463.5, 2.6, 0.9,0, 0.00, 0.00, 0.53, 0.00,-0.07,56.75,46.48, 0.00, 2.29, 0.00
916,2,28.14,2.73,32.06,1.69,0.39,10.67, 1.51, 9.93,30.31, 457.3, 1.4, 0.7,0, 1.44, 0.00, 0.00, 1.63, 0.11,57.35,43.44, 0.00, 0.00, 0.00
917,2,31.62,2.54,31.78,1.42,0.33,11.60, 2.34,11.31,27.71, 471.0, 1.2, 0.4,0, 0.00, 0.87, 0.00, 0.05, 0.06,57.07,44.96, 0.00, 0.05, 1.04
918,2,30.38,2.60,31.19,1.71,0.30,11.60, 1.01,11.35,27.56, 423.9, 1.0, 0.6,0, 0.00, 0.00, 0.28, 1.74, 0.18,54.68,44.08, 1.24, 0.00, 1.83
919,2,30.17,2.72,32.56,1.73,0.36,10.37, 2.18,10.97,26.81, 587.1, 1.5, 1.2,0, 2.90, 0.00, 0.05, 0.11,-0.77,59.40,46.91, 0.00, 0.00, 0.00
920,2,29.03,2.66,32.35,1.43,0.31,12.51, 1.96, 9.51,32.20, 465.9, 1.3, 0.6,0, 2.63, 0.00, 0.04, 0.68,-0.10,55.25,42.91, 1.85, 0.00, 0.00
921,2,30.08,2.60,32.90,1.57,0.35,10.75, 2.39,11.43,28.35, 475.1, 2.6, 1.0,0, 1.61, 0.00, 0.03, 0.00, 0.12,58.25,43.59, 0.00, 0.00, 0.00
922,2,28.61,2.67,30.94,1.56,0.34,12.78, 1.89,10.70,32.36, 648.6, 2.8, 0.5,0, 1.50, 0.00, 0.00, 0.50, 0.13,52.89,45.07, 2.04, 4.22, 0.00
923,2,31.36,2.60,32.08,1.74,0.36,11.21, 2.16,10.29,32.96, 535.1, 2.9, 0.6,0, 0.00, 0.00, 0.36, 0.00, 0.53,60.77,43.68, 0.00, 0.00, 0.00
924,2,29.05,2.92,30.03,1.58,0.30,11.76, 1.18,11.70,25.78, 478.9, 2.9, 1.2,0, 0.75, 0.00, 0.02, 0.00, 0.05,57.48,43.72, 0.00, 3.20, 0.32
925,2,30.36,2.56,34.15,1.69,0.40,11.66, 1.58,10.98,25.36, 659.2, 2.6, 1.0,0, 0.00, 0.00, 0.00, 0.00, 0.50,48.93,45.33, 5.73, 0.00, 0.60
926,2,30.84,2.60,33.80,1.53,0.32,10.56, 2.37,10.03,29.95, 669.9, 2.0, 0.9,0, 0.00, 0.28, 0.00, 0.00, 0.05,50.26,44.65, 5.10, 3.43, 0.35
927,2,29.79,2.75,31.29,1.75,0.33,12.66, 1.26,10.90,33.00, 540.8, 2.9, 0.9,0, 0.00, 1.16, 0.38, 0.78, 0.05,60.09,44.71, 0.00, 0.00, 0.10
928,2,28.89,2.97,35.79,1.51,0.38,10.05, 2.08, 9.50,25.38, 585.9, 2.2, 0.5,0, 0.98, 0.00, 0.00, 0.00,-0.05,57.05,45.20, 0.00, 0.00, 0.84
929,2,28.49,2.71,31.61,1.72,0.31,10.32, 2.48, 9.60,29.64, 663.7, 2.3, 0.5,0, 0.51, 0.00, 0.00, 0.00, 0.20,53.94,44.35, 1.71, 0.00, 0.00
930,2,29.57,2.71,35.02,1.76,0.34,12.14, 2.22, 9.22,26.05, 619.8, 2.0, 0.5,0, 0.00, 1.63, 0.00, 0.00,-0.25,56.47,46.96, 0.00, 0.00, 0.32
931,2,31.91,2.63,34.12,1.69,0.33,11.65, 1.09, 9.99,29.36, 616.9, 1.8, 0.4,0, 0.00, 0.02, 1.19, 0.00,-0.69,53.69,42.36, 3.96, 0.26, 0.00
932,2,31.95,2.67,30.69,1.73,0.31,11.61, 2.49,10.42,29.67, 677.5, 1.1, 0.4,0, 0.00, 0.00, 0.00, 0.00,-0.35,47.70,43.93, 8.36, 0.00, 1.26
933,2,28.12,2.67,35.17,1.68,0.36,11.30, 1.79,10.57,28.17, 407.0, 2.6, 0.7,0, 0.00, 0.00, 0.86, 0.31,-0.18,57.85,42.50, 0.00, 0.99, 0.00
934,2,28.86,2.97,32.09,1.69,0.39,11.87, 1.99,10.10,34.55, 582.1, 1.7, 1.2,0, 0.00, 0.10, 0.00, 0.00, 0.28,55.84,46.52, 0.00, 0.00, 0.82
935,2,29.39,2.86,30.78,1.51,0.40,11.18, 1.87,10.46,29.35, 489.4, 2.9, 0.6,0, 0.00, 0.00, 0.00, 0.00, 0.43,61.48,46.18, 0.00, 2.88, 0.09
936,2,30.38,2.72,34.33,1.54,0.32,11.94, 1.85,11.93,25.93, 655.4, 1.5, 1.2,0, 0.00, 0.00, 0.00, 1.28, 0.35,56.26,45.45, 0.00, 0.00, 0.00
937,2,30.50,2.98,34.87,1.51,0.34,11.72, 2.31,10.29,27.13, 627.0, 2.1, 0.5,0, 0.00, 0.00, 0.53, 0.78,-0.34,54.52,42.17, 3.31, 0.80, 1.10
938,2,31.50,2.53,34.35,1.69,0.37,11.13, 1.49,10.61,34.34, 601.8, 2.1, 1.1,0, 0.43, 0.71, 0.30, 0.02,-0.02,54.88,43.19, 1.93, 0.00, 0.00
939,2,31.60,2.55,34.84,1.46,0.31,12.96, 1.60,10.87,30.53, 691.9, 1.6, 0.9,0, 0.80, 0.26, 0.00, 2.25, 0.03,52.73,43.31, 3.96, 4.53, 0.89
940,2,30.88,2.62,30.87,1.56,0.35,11.83, 1.63,11.68,27.86, 420.0, 1.5, 1.1,0, 0.00, 0.82, 0.00, 1.51,-0.02,56.92,44.65, 0.00, 0.00, 0.00
941,2,30.07,2.68,31.18,1.76,0.34,12.73, 2.25,10.71,32.10, 658.5, 1.1, 1.2,0, 0.71, 0.42, 0.59, 0.00, 0.14,52.94,47.26, 0.00, 1.27, 0.00
942,2,29.84,2.90,30.77,1.64,0.32,11.91, 1.58, 9.25,29.97, 544.4, 1.8, 0.7,0, 2.68, 0.00, 0.00, 0.10,-0.04,56.98,44.18, 0.00, 3.89, 0.00
943,2,29.78,2.67,31.80,1.46,0.39,11.92, 2.11,10.53,26.12, 554.9, 1.4, 0.4,0, 0.40, 0.00, 0.00, 0.00, 0.18,56.59,46.21, 0.00, 0.84, 0.00
944,2,28.19,2.98,33.51,1.47,0.40,11.42, 2.15, 9.02,26.65, 575.1, 1.3, 1.1,0, 1.04, 0.00, 0.00, 0.00,-0.53,55.87,44.41, 0.00, 1.03, 0.00
945,2,30.45,2.98,33.25,1.78,0.34,10.80, 2.07,11.67,27.24, 433.4, 2.4, 0.7,0, 0.66, 1.63, 0.65, 0.31, 0.50,57.00,45.77, 0.00, 0.02, 0.00
946,2,31.08,2.93,34.47,1.49,0.33,11.65, 1.11, 9.61,34.54, 562.3, 2.6, 0.5,0, 0.00, 0.00, 0.56, 0.00,-0.38,54.84,44.17, 0.99, 1.92, 0.00
947,2,30.85,2.52,33.28,1.58,0.40,10.28, 2.34,11.02,26.05, 554.5, 1.1, 0.5,0, 1.32, 0.00, 0.08, 0.00,-0.02,54.80,47.53, 0.00, 2.48, 0.99
948,2,31.89,2.55,35.10,1.73,0.35,12.63, 1.03, 9.70,25.28, 676.4, 1.0, 0.8,0, 0.02, 0.93, 0.40, 1.26, 0.16,50.42,40.88, 8.70, 0.00, 0.00
949,2,31.51,2.55,35.36,1.60,0.34,10.89, 1.88,10.60,29.23, 515.1, 2.1, 0.6,0, 0.00, 0.00, 0.00, 0.00,-0.11,59.62,45.52, 0.00, 0.00, 0.00
950,2,28.53,2.71,32.89,1.48,0.40,11.78, 1.66,11.78,25.40, 693.7, 1.6, 0.9,0, 2.48, 0.00, 0.62, 0.00, 0.24,53.07,42.89, 4.04, 0.00, 0.00
951,2,30.25,2.76,30.58,1.41,0.37,10.74, 1.99, 9.77,25.40, 686.1, 1.6, 0.7,0, 1.74, 0.59, 0.00, 1.69, 0.79,46.64,43.85, 9.50, 0.90, 0.00
952,2,28.53,2.76,35.15,1.61,0.38,11.12, 1.25, 9.91,27.45, 441.1, 1.6, 1.2,0, 0.35, 0.00, 0.32, 0.02,-0.06,55.79,47.04, 0.00, 0.00, 0.32
953,2,28.92,2.71,35.26,1.46,0.30,10.92, 1.85,11.31,31.53, 695.8, 3.0, 0.5,0, 0.23, 0.00, 0.00, 0.00, 0.04,50.99,44.26, 4.75, 0.00, 0.00
954,2,28.62,2.55,32.79,1.77,0.36,12.45, 1.35,11.70,26.43, 463.9, 2.6, 1.2,0, 1.46, 0.00, 0.00, 0.47, 0.14,58.99,44.02, 0.00, 0.00, 0.00
955,2,29.15,2.67,31.74,1.40,0.38,10.89, 1.42,10.40,25.78, 529.5, 1.1, 0.4,0, 0.00, 0.81, 0.00, 0.00,-0.20,57.96,43.94, 0.00, 0.06, 0.04
956,2,29.58,2.76,30.29,1.69,0.32,10.30, 1.08,11.48,31.01, 625.7, 2.9, 0.8,0, 0.00, 0.00, 0.00, 0.78, 0.15,53.36,44.81, 1.83, 2.19, 0.00
957,2,30.49,2.87,35.10,1.77,0.31,12.00, 1.14,11.10,25.23, 676.9, 2.7, 0.5,0, 0.00, 0.00, 0.32, 0.74, 0.22,51.16,43.65, 5.20, 0.00, 0.00
958,2,29.28,2.99,33.81,1.73,0.31,11.18, 2.22, 9.64,30.90, 608.8, 2.9, 0.3,0, 1.22, 0.05, 0.00, 0.11,-0.13,54.58,42.13, 3.30, 1.69, 0.00
959,2,30.57,2.83,35.82,1.52,0.33,10.38, 1.46,10.46,27.06, 409.0, 1.1, 0.6,0, 0.00, 0.00, 0.00, 0.00,-0.12,55.12,44.68, 0.21, 0.00, 0.00
960,2,31.25,2.52,32.08,1.60,0.31,12.20, 1.83, 9.13,33.24, 469.6, 2.3, 0.6,0, 0.74, 0.94, 0.12, 0.00, 0.13,59.22,44.62, 0.00, 1.66, 0.04
961,2,31.28,2.69,33.39,1.41,0.36,12.18, 1.53,10.09,26.07, 676.8, 1.7, 1.0,0, 0.00, 0.37, 0.80, 0.00,-0.32,50.83,44.40, 4.77, 0.00, 0.00
962,2,28.53,2.82,34.02,1.50,0.32,12.47, 1.83,10.80,30.07, 677.9, 1.3, 0.3,0, 0.00, 0.01, 0.53, 0.00, 0.28,53.83,44.37, 1.80, 0.00, 0.80
963,2,29.30,2.64,30.24,1.41,0.32,12.18, 2.21,11.92,34.66, 662.4, 1.8, 0.5,0, 0.00, 0.00, 0.00, 0.00, 0.13,54.42,45.02, 0.55, 0.00, 0.00
964,2,29.58,2.86,30.90,1.67,0.37,11.72, 1.60,11.27,27.61, 687.3, 1.8, 0.5,0, 0.00, 0.00, 0.00, 0.00, 0.11,51.61,43.92, 4.46, 1.66, 0.28
965,2,28.95,2.57,34.69,1.64,0.32,12.27, 1.52,10.23,32.64, 547.7, 2.0, 1.1,0, 0.00, 0.00, 0.00, 1.53, 0.14,56.34,44.75, 0.00, 0.44, 0.28
966,2,30.19,2.61,35.67,1.51,0.39,11.76, 1.62, 9.74,30.92, 594.4, 1.1, 0.8,0, 0.00, 0.79, 0.00, 0.50,-0.02,58.54,45.29, 0.00, 0.00, 0.00
967,2,31.34,2.51,33.57,1.53,0.40,12.73, 1.77,10.52,25.50, 678.8, 2.9, 0.2,0, 0.49, 1.04, 0.00, 0.00,-0.17,51.36,46.03, 2.61, 0.00, 0.00
968,2,31.51,2.58,32.41,1.49,0.34,11.06, 1.21,11.26,31.03, 493.5, 1.3, 1.1,0, 0.00, 1.42, 0.00, 0.41, 0.42,56.81,44.36, 0.00, 1.17, 0.19
969,2,30.54,2.82,35.86,1.49,0.32,10.73, 1.57, 9.06,27.75, 688.3, 2.4, 1.2,0, 1.12, 0.00, 0.00, 0.00,-0.19,51.61,40.14, 8.25, 1.11, 0.00
970,2,30.63,2.58,33.75,1.70,0.39,12.26, 1.88,10.32,27.11, 645.1, 2.7, 0.6,0, 1.91, 0.85, 0.00, 0.76,-0.16,54.56,47.81, 0.00, 3.37, 0.00
971,2,28.26,2.84,31.27,1.41,0.37,11.31, 1.48,11.13,31.26, 601.1, 2.6, 0.3,0, 0.00, 0.34, 0.00, 0.81,-0.08,53.25,46.61, 0.14, 3.01, 0.48
972,2,29.64,2.89,30.08,1.71,0.37,12.37, 1.75,11.15,29.82, 437.3, 2.5, 0.8,0, 1.51, 0.17, 0.00, 0.00,-0.12,55.65,43.49, 0.86, 0.00, 0.00
973,2,28.70,2.73,34.57,1.53,0.40,10.02, 2.05,10.25,28.55, 612.7, 1.5, 0.5,0, 0.00, 1.87, 0.00, 0.33, 0.63,52.66,44.69, 2.64, 0.04, 0.96
974,2,31.98,2.52,34.46,1.69,0.34,11.46, 1.07,10.58,28.11, 591.8, 2.5, 0.3,0, 0.21, 0.00, 0.00, 0.50,-0.81,51.81,44.43, 3.75, 0.12, 0.00
975,2,31.04,2.93,33.80,1.64,0.34,12.54, 1.68,11.17,27.40, 585.6, 1.3, 0.4,0, 0.97, 0.00, 0.00, 0.00, 0.57,58.99,45.46, 0.00, 4.43, 0.85
976,2,29.32,2.62,32.42,1.76,0.33,12.03, 1.91,10.97,31.56, 515.3, 2.4, 0.8,0, 0.84, 0.49, 0.00, 0.00, 0.30,58.83,44.84, 0.00, 0.00, 0.56
977,2,30.52,2.95,34.41,1.78,0.37,10.87, 1.53, 9.98,34.24, 416.2, 2.1, 0.8,0, 0.00, 0.00, 0.39, 0.00,-0.10,54.15,46.36, 0.00, 0.00, 0.51
978,2,29.52,2.97,34.05,1.71,0.33,12.75, 2.11,11.65,33.17, 467.2, 1.5, 0.6,0, 1.25, 0.00, 0.14, 0.00,-0.43,58.69,45.21, 0.00, 0.00, 1.12
979,2,28.59,2.99,30.01,1.66,0.30,12.00, 2.25, 9.06,33.53, 404.5, 1.2, 0.5,0, 0.00, 0.00, 0.41, 0.77,-0.22,60.46,47.01, 0.00, 5.76, 0.00
980,2,31.24,2.72,31.37,1.40,0.32,10.26, 1.31, 9.47,27.90, 440.1, 1.7, 0.8,0, 0.00, 0.69, 0.08, 2.87,-0.27,55.74,45.64, 0.00, 1.80, 0.53
981,2,29.73,2.84,31.33,1.77,0.37,10.52, 1.91,11.72,27.16, 400.1, 2.7, 0.5,0, 0.00, 0.45, 0.53, 0.00,-0.28,53.55,44.81, 1.64, 4.49, 0.00
982,2,28.45,2.89,30.80,1.78,0.36,11.44, 1.02, 9.84,32.31, 423.2, 3.0, 0.9,0, 0.87, 0.00, 0.00, 2.11, 0.06,54.68,46.00, 0.00, 0.81, 0.63
983,2,28.85,2.52,32.97,1.60,0.36,10.18, 2.09, 9.76,28.74, 495.7, 2.9, 0.3,0, 0.00, 0.00, 0.00, 0.00, 0.01,60.80,46.56, 0.00, 0.19, 0.65
984,2,31.71,2.75,32.82,1.56,0.32,11.48, 2.33,10.05,25.14, 583.6, 2.1, 0.5,0, 0.00, 0.06, 0.16, 0.91,-0.39,56.47,47.19, 0.00, 2.82, 0.18
985,2,31.10,2.95,30.56,1.59,0.40,12.09, 1.08, 9.23,26.93, 572.8, 1.1, 1.0,0, 0.00, 0.00, 0.00, 0.80, 0.09,55.64,44.07, 0.29, 0.00, 0.43
986,2,28.82,2.72,34.70,1.69,0.33,11.93, 2.31, 9.17,25.99, 661.2, 1.7, 1.1,0, 0.00, 1.51, 0.42, 0.00,-0.22,55.20,43.25, 1.54, 0.00, 0.31
987,2,28.99,2.52,30.38,1.79,0.33,12.96, 2.18, 9.22,28.76, 447.4, 2.4, 0.5,0, 0.60, 0.00, 0.07, 0.12, 0.28,54.54,45.25, 0.21, 0.00, 0.00
988,2,29.61,2.64,35.91,1.52,0.32,11.83, 1.84,10.05,33.40, 422.4, 2.2, 0.6,0, 0.03, 0.00, 0.00, 1.64,-0.19,61.80,43.00, 0.00, 0.14, 0.12
989,2,28.46,2.82,33.75,1.43,0.36,11.41, 1.02, 9.28,33.89, 408.0, 1.4, 1.0,0, 0.87, 0.00, 0.00, 2.32,-0.03,56.83,46.23, 0.00, 0.35, 0.27
990,2,31.91,2.53,35.93,1.74,0.35,11.22, 1.63, 9.82,27.19, 417.2, 1.7, 0.8,0, 0.08, 0.83, 0.03, 0.00, 0.18,51.82,46.04, 2.13, 0.35, 0.00
991,2,29.89,2.72,35.42,1.55,0.32,10.22, 1.81,10.57,33.91, 484.4, 3.0, 0.9,0, 0.00, 0.47, 0.74, 0.00, 0.28,57.92,44.95, 0.00, 0.00, 0.72
992,2,30.73,2.56,32.21,1.53,0.33,10.63, 1.88,10.59,30.03, 488.6, 2.1, 0.7,0, 0.97, 0.00, 0.07, 0.00,-0.10,60.34,43.42, 0.00, 5.84, 0.00
993,2,29.71,2.94,35.93,1.47,0.32,11.29, 2.04,11.19,27.68, 465.5, 2.9, 0.7,0, 1.67, 1.00, 0.00, 0.28,-0.17,59.48,45.84, 0.00, 0.00, 0.00
994,2,31.35,2.96,31.61,1.60,0.34,12.53, 1.56, 9.55,31.62, 418.2, 2.3, 0.5,0, 0.85, 1.41, 0.00, 0.00, 0.31,57.91,45.72, 0.00, 3.69, 0.42
995,2,31.38,2.69,31.61,1.58,0.36,10.93, 2.11,11.48,30.86, 569.0, 2.8, 1.1,0, 0.00, 1.52, 0.16, 0.00, 0.14,56.66,43.20, 0.14, 4.16, 0.21
996,2,29.09,2.93,35.93,1.60,0.38,12.36, 1.98,11.37,28.44, 515.8, 1.9, 0.5,0, 0.29, 0.00, 0.00, 1.70, 0.21,57.61,44.12, 0.00, 5.02, 0.36
997,2,31.95,2.98,32.73,1.63,0.31,11.58, 1.32,10.33,34.29, 540.6, 2.4, 0.8,0, 0.58, 0.00, 0.00, 0.00, 0.23,61.19,42.19, 0.00, 0.00, 0.29
998,2,29.19,2.63,35.11,1.69,0.34,12.16, 1.58, 9.36,34.13, 592.4, 1.1, 0.6,0, 0.16, 0.00, 0.25, 0.00, 0.18,57.46,43.57, 0.00, 0.00, 0.00
999,2,29.98,2.80,32.92,1.76,0.30,11.43, 1.12,10.13,34.86, 612.6, 2.0, 0.8,0, 0.52, 0.00, 0.00, 0.56, 0.09,55.16,48.65, 0.00, 1.30, 0.00
1000,2,29.87,2.71,35.48,1.54,0.33,11.62, 1.17,11.87,27.74, 646.7, 2.9, 0.4,0, 0.69, 0.00, 0.00, 0.00, 0.23,54.05,45.71, 0.24, 6.26, 0.23
1001,3,31.41,2.62,30.37,1.44,0.34,10.01, 2.12,11.44,25.71, 228.2,46.3, 3.4,0, 0.00, 0.03, 0.49, 0.00,-0.34, 0.10, 0.00,*****,65.11,14.25
1002,3,28.17,2.95,30.68,1.73,0.36,11.81, 1.51,11.51,28.35, 257.4,47.8, 2.9,0, 0.00, 0.00, 0.45, 0.00,-0.31, 1.67, 0.00,*****,65.66,15.57
1003,3,31.09,2.59,35.65,1.44,0.40,11.05, 1.18,11.42,27.57, 228.0,11.9, 3.5,0, 0.00, 2.65, 0.00, 0.00, 0.38, 1.08, 0.00,*****,66.66,15.49
1004,3,28.61,2.82,35.73,1.74,0.39,10.85, 1.80, 9.46,32.39, 182.1,40.3, 1.2,0, 0.00, 0.00, 0.00, 0.00,-0.56, 0.00, 0.00,*****,70.17,14.17
1005,3,31.38,2.63,33.72,1.68,0.39,12.58, 1.61,10.85,26.66, 186.6,47.0, 1.4,0, 0.00, 0.25, 0.00, 0.00, 0.50, 0.51, 0.77,98.72,72.74,16.85
1006,3,31.73,2.55,32.31,1.50,0.31,10.59, 1.77, 9.31,31.78, 222.9,12.7, 1.7,0, 1.35, 0.00, 0.00, 2.10,-0.00, 2.15, 1.25,96.60,63.14,15.47
1007,3,28.96,2.82,33.96,1.47,0.31,10.64, 1.57, 9.64,28.92, 255.5,23.3, 4.0,0, 0.00, 0.00, 0.00, 0.02,-0.22, 0.52, 0.00,*****,59.69,14.90
1008,3,28.34,2.63,33.58,1.79,0.30,12.70, 1.94,11.81,27.46, 279.9,16.9, 2.3,0, 0.00, 0.00, 0.00, 0.08, 0.21, 0.02, 1.37,98.62,58.22,15.16
1009,3,31.16,2.87,35.33,1.51,0.36,10.44, 2.40, 9.64,25.78, 210.4,33.7, 2.3,0, 2.45, 0.00, 0.57, 0.00,-0.41, 1.50, 0.00,99.45,65.80,13.96
1010,3,29.26,2.66,30.29,1.57,0.36,12.22, 1.68,10.50,25.61, 189.9,12.7, 2.4,0, 1.49, 0.00, 0.67, 0.00, 0.01, 0.00, 1.64,98.98,70.03,15.15
1011,3,30.26,2.75,35.05,1.54,0.30,12.28, 1.53,10.53,25.08, 262.8,33.5, 3.4,0, 2.17, 0.25, 0.51, 1.06, 0.05, 0.17, 0.00,*****,60.64,15.22
1012,3,30.68,2.71,35.41,1.42,0.35,11.76, 1.73,10.11,27.16, 262.1,14.2, 1.2,0, 0.00, 0.08, 0.00, 0.17, 0.19, 0.00, 0.00,*****,63.00,14.32
1013,3,29.46,2.67,34.20,1.57,0.37,12.11, 1.10, 9.94,31.17, 257.2,34.4, 3.3,0, 0.00, 0.40, 0.21, 2.88,-0.33, 1.56, 0.00,99.04,62.15,15.28
1014,3,31.81,2.87,33.09,1.50,0.35,10.02, 1.19, 9.29,30.12, 229.3,42.7, 3.8,0, 0.00, 0.00, 0.00, 0.00,-0.04, 0.00, 1.28,*****,54.44,16.33
1015,3,28.07,2.84,32.13,1.75,0.40,10.02, 1.67,11.30,30.70, 258.5,21.5, 1.4,0, 0.15, 0.91, 0.12, 0.00,-0.20, 2.16, 0.00,*****,65.10,15.54
1016,3,28.38,2.94,32.17,1.78,0.37,11.60, 2.38,11.97,31.58, 280.0,28.1, 1.8,0, 1.03, 0.00, 0.53, 0.00, 0.06, 1.63, 0.35,98.02,60.88,14.14
1017,3,29.84,2.80,30.94,1.53,0.30,12.62, 2.31,11.18,25.70, 207.3,28.9, 3.2,0, 0.00, 0.00, 0.70, 0.83, 0.12, 0.00, 0.00,*****,60.07,14.91
1018,3,29.38,2.68,35.53,1.53,0.37,11.71, 1.89, 9.43,34.14, 226.7,23.4, 1.1,0, 0.00, 0.37, 0.00, 0.79,-0.48, 0.00, 1.08,99.81,66.53,15.70
1019,3,31.29,2.98,32.87,1.51,0.36,10.63, 1.33,11.52,32.88, 267.3,29.7, 1.5,0, 2.45, 0.73, 0.36, 0.11,-0.07, 0.00, 0.94,*****,65.30,15.97
1020,3,31.95,2.79,32.75,1.76,0.34,10.57, 2.45, 9.54,25.62, 190.2,18.7, 2.1,0, 2.08, 0.52, 0.00, 0.00, 0.03, 0.00, 1.49,*****,67.61,15.48
1021,3,28.03,2.97,31.23,1.59,0.37,11.45, 2.07,11.84,27.42, 226.1,12.0, 3.1,0, 0.00, 0.00, 0.00, 0.37, 0.67, 0.00, 0.04,*****,67.51,14.68
1022,3,31.21,2.59,30.74,1.71,0.37,10.87, 1.01, 9.77,30.83, 212.6,29.0, 2.8,0, 0.79, 1.35, 0.00, 0.00,-0.14, 0.00, 0.49,*****,64.95,16.21
1023,3,29.79,2.57,31.88,1.64,0.30,11.86, 1.14,10.41,32.36, 276.2,12.2, 2.0,0, 0.00, 0.00, 0.08, 0.00, 0.01, 0.00, 0.32,*****,64.14,14.98
1024,3,28.02,2.97,31.14,1.42,0.31,12.97, 2.20,11.67,28.57, 262.1,34.3, 2.9,0, 0.00, 0.00, 0.00, 0.30, 0.15, 2.05, 0.00,99.77,61.56,16.20
1025,3,31.10,2.68,31.41,1.55,0.32,11.32, 1.84, 9.77,34.12, 279.2,49.8, 2.7,0, 0.00, 0.00, 0.00, 0.44, 0.60, 0.00, 2.00,98.74,60.83,15.91
1026,3,28.24,2.72,35.90,1.71,0.39,10.92, 1.27,10.97,30.21, 183.2,31.0, 2.8,0, 0.00, 1.02, 0.00, 0.00,-0.37, 4.07, 0.00,97.02,69.12,14.99
1027,3,30.09,2.67,30.24,1.73,0.39,11.92, 2.28, 9.00,32.57, 227.4,47.0, 2.6,0, 0.94, 0.24, 0.00, 0.29,-0.78, 0.57, 0.00,99.76,63.54,16.25
1028,3,28.37,2.60,34.39,1.66,0.34,12.90, 1.81,11.28,32.03, 243.6,45.7, 3.5,0, 0.00, 0.00, 0.00, 1.65,-0.05, 0.00, 0.00,*****,63.68,15.04
1029,3,28.60,2.75,32.20,1.56,0.39,11.43, 1.12, 9.56,32.69, 219.8,49.1, 2.9,0, 0.00, 0.77, 0.08, 0.00,-0.08, 3.76, 0.81,95.43,66.28,14.70
1030,3,28.49,2.87,33.91,1.53,0.31,11.43, 1.02,11.16,27.14, 243.3,44.1, 3.7,0, 0.00, 0.00, 0.00, 0.00, 0.03, 0.00, 0.37,*****,58.48,15.55
1031,3,30.94,2.61,32.48,1.55,0.32,11.59, 1.66,11.25,25.39, 275.9,26.6, 1.0,0, 3.16, 0.29, 1.30, 0.00,-0.06, 0.00, 1.38,99.48,58.72,14.91
1032,3,31.43,2.78,35.70,1.71,0.35,12.81, 2.38,11.45,30.18, 189.1,28.5, 1.3,0, 0.00, 0.30, 0.40, 1.44,-0.18, 2.02, 0.03,97.95,69.84,14.13
1033,3,30.55,2.84,31.91,1.78,0.35,10.02, 2.48,11.16,29.49, 213.8,15.8, 1.7,0, 1.53, 1.11, 0.00, 0.00,-0.20, 1.91, 0.40,97.69,67.25,15.97
1034,3,31.09,2.56,33.30,1.59,0.40,10.95, 1.63,11.74,28.63, 206.3,26.2, 3.8,0, 0.00, 0.73, 0.00, 0.00, 0.05, 0.00, 1.38,*****,69.62,15.58
1035,3,30.40,2.81,31.12,1.60,0.39,10.57, 1.40, 9.27,33.93, 234.9,42.9, 1.5,0, 0.00, 0.00, 0.00, 1.01, 0.43, 4.40, 0.00,97.91,68.06,15.55
1036,3,30.95,2.57,33.38,1.52,0.39,11.51, 1.42,10.47,25.41, 195.1,17.6, 2.8,0, 0.00, 0.00, 0.21, 1.75, 0.26, 0.00, 1.44,99.40,68.73,13.14
1037,3,29.52,2.81,33.05,1.49,0.34,12.61, 1.92, 9.69,27.47, 248.1,36.4, 3.4,0, 0.00, 0.00, 0.51, 0.00, 0.32, 0.00, 0.11,*****,58.77,15.38
1038,3,30.87,2.63,31.71,1.62,0.32,12.76, 1.15,11.06,34.55, 205.4,25.1, 3.3,0, 0.00, 0.00, 0.00, 0.00,-0.22, 0.95, 0.00,*****,63.58,15.61
1039,3,30.38,2.84,35.47,1.50,0.36,10.01, 2.04,11.82,28.32, 192.2,20.0, 2.9,0, 0.00, 0.36, 0.00, 0.57,-0.34, 0.31, 1.23,98.46,68.16,15.34
1040,3,30.36,2.73,35.16,1.42,0.30,10.01, 1.69,10.22,30.04, 227.3,26.3, 3.7,0, 0.00, 0.30, 0.03, 0.00,-0.03, 3.08, 0.11,96.81,63.64,15.92
1041,3,30.34,2.53,33.23,1.54,0.39,10.75, 1.24,11.49,32.11, 213.4,36.7, 3.0,0, 0.00, 0.57, 0.00, 0.00, 0.24, 0.00, 0.00,*****,67.00,13.81
1042,3,28.24,2.80,33.61,1.53,0.38,10.05, 1.36,10.25,30.53, 234.2,46.3, 3.6,0, 0.40, 1.36, 0.60, 0.00,-0.24, 0.79, 0.01,99.20,64.03,16.56
1043,3,29.71,2.98,32.21,1.63,0.39,11.98, 1.51, 9.59,29.38, 201.6,13.0, 1.9,0, 0.34, 0.00, 0.00, 0.00,-0.07, 0.00, 0.00,*****,68.63,14.69
1044,3,29.78,2.61,31.75,1.64,0.36,10.21, 1.12,11.14,34.56, 253.0,36.5, 2.8,0, 1.74, 0.74, 0.00, 1.29,-0.52, 0.00, 0.54,*****,60.93,15.32
1045,3,29.85,2.97,34.80,1.46,0.31,11.59, 1.60, 9.27,29.33, 247.6,32.7, 2.7,0, 0.00, 1.50, 0.55, 0.00, 0.03, 0.64, 0.00,*****,63.06,15.65
1046,3,31.15,2.57,35.40,1.74,0.37,11.26, 2.01,10.82,31.65, 242.2,46.5, 3.8,0, 0.00, 1.31, 0.50, 1.09, 0.47, 0.00, 0.00,*****,58.18,15.90
1047,3,31.23,2.94,32.48,1.77,0.40,11.30, 1.96, 9.80,32.27, 221.4,10.7, 2.5,0, 0.00, 0.00, 0.00, 0.05,-0.14, 0.00, 0.00,*****,63.91,15.59
1048,3,31.72,2.72,33.26,1.57,0.34,10.89, 1.49,11.57,26.60, 256.4,49.6, 3.0,0, 0.73, 0.65, 0.00, 0.55, 0.37, 0.41, 0.00,*****,60.99,16.75
1049,3,30.30,2.95,31.05,1.64,0.40,11.38, 2.01,11.61,33.45, 181.1,18.5, 3.2,0, 0.00, 0.08, 0.35, 0.02, 0.12, 4.19, 1.15,94.65,70.00,14.58
1050,3,28.88,2.96,33.11,1.77,0.38,11.53, 2.35,11.96,31.55, 186.8,21.4, 3.4,0, 0.00, 0.49, 0.00, 0.00, 0.08, 0.00, 0.00,*****,65.25,14.96
1051,3,29.61,2.98,34.68,1.65,0.34,10.60, 1.45,11.99,29.17, 197.8,28.2, 1.5,0, 1.21, 0.96, 1.00, 0.08,-0.11, 1.53, 0.00,98.67,67.15,16.25
1052,3,31.71,2.90,32.87,1.43,0.40,11.01, 1.52,10.06,31.54, 212.8,37.3, 3.9,0, 0.00, 0.02, 0.64, 1.22,-0.15, 0.00, 0.00,*****,67.77,14.43
1053,3,31.18,2.86,31.74,1.41,0.34,10.29, 1.13,10.01,27.03, 248.9,21.2, 2.0,0, 0.00, 0.55, 0.83, 1.35, 0.85, 0.16, 0.00,*****,60.26,15.76
1054,3,28.55,2.81,31.19,1.47,0.39,10.71, 1.68,10.94,25.22, 247.3,23.3, 2.8,0, 1.69, 0.00, 0.21, 0.00,-0.13, 0.00, 1.39,99.79,62.67,13.93
1055,3,30.87,2.60,32.89,1.58,0.32,11.70, 1.82,11.89,29.67, 245.9,31.9, 2.5,0, 0.00, 0.93, 0.00, 0.00,-0.11, 1.01, 0.34,98.65,64.55,15.92
1056,3,31.13,2.60,34.06,1.77,0.30,11.02, 1.17,10.74,32.76, 195.8,21.8, 2.9,0, 0.00, 0.00, 0.00, 0.00, 0.31, 3.07, 0.00,98.47,67.06,15.05
1057,3,29.56,2.61,30.35,1.79,0.33,10.89, 1.71,10.02,27.58, 244.0,34.4, 1.4,0, 1.98, 0.38, 0.00, 0.00, 0.12, 1.40, 0.00,*****,70.32,15.11
1058,3,29.44,2.95,34.72,1.72,0.34,10.86, 1.78, 9.02,28.21, 201.1,43.3, 3.3,0, 0.00, 0.00, 0.00, 0.23, 0.21, 1.08, 0.47,98.44,68.96,15.21
1059,3,28.15,2.82,33.23,1.40,0.39,12.96, 1.34,11.19,28.86, 212.2,46.4, 2.5,0, 0.00, 0.00, 0.00, 0.52, 0.18, 0.00, 0.00,*****,63.36,16.15
1060,3,30.55,2.82,30.22,1.68,0.35,11.88, 1.78,10.24,26.64, 189.7,27.5, 1.9,0, 0.30, 1.37, 0.02, 0.61, 0.20, 2.92, 0.80,96.28,70.26,13.98
1061,3,29.79,2.75,34.48,1.49,0.36,11.41, 2.05,11.44,27.64, 246.2,37.0, 2.5,0, 0.00, 1.46, 0.00, 0.00, 0.43, 0.00, 0.79,99.46,63.77,15.82
1062,3,30.42,2.79,34.21,1.76,0.32,12.10, 2.38,11.64,26.96, 203.5,45.6, 2.5,0, 0.00, 0.00, 0.00, 1.79, 0.18, 0.00, 0.04,*****,67.95,16.84
1063,3,29.87,2.55,34.56,1.77,0.32,11.28, 2.17,11.03,32.02, 215.2,33.0, 1.2,0, 0.00, 1.25, 0.03, 0.00, 0.13, 0.40, 2.10,97.50,68.86,15.88
1064,3,29.20,2.73,30.11,1.52,0.36,10.22, 1.06, 9.09,26.23, 231.9,48.9, 3.8,0, 0.35, 0.00, 0.43, 0.84, 0.10, 0.00, 0.00,*****,63.07,14.68
1065,3,30.02,2.57,32.56,1.55,0.36,11.56, 1.46, 9.93,32.97, 227.4,14.1, 2.0,0, 0.00, 0.00, 0.00, 0.00,-0.29, 0.00, 0.00,*****,61.75,13.66
1066,3,28.00,2.90,30.36,1.67,0.34,12.64, 2.11,11.76,33.87, 252.4,15.1, 3.3,0, 0.84, 0.00, 0.00, 1.14,-0.27, 0.00, 0.00,*****,58.39,15.97
1067,3,28.64,2.60,35.13,1.41,0.40,11.56, 1.31,11.85,30.60, 188.5,40.3, 2.3,0, 2.02, 0.00, 0.33, 0.51, 0.33, 0.00, 1.90,98.96,66.64,14.48
1068,3,31.61,2.71,35.21,1.65,0.34,12.34, 2.21, 9.46,33.63, 268.4,15.8, 2.8,0, 4.20, 0.00, 0.00, 1.07, 0.16, 0.00, 0.02,*****,57.98,15.31
1069,3,30.17,2.78,30.65,1.43,0.37,10.48, 2.11,10.51,32.40, 232.5,43.6, 3.6,0, 0.24, 0.00, 0.46, 0.00,-0.02, 4.61, 0.00,97.45,58.73,16.10
1070,3,31.24,2.55,34.58,1.54,0.31,11.82, 1.79,10.96,28.01, 234.8,35.3, 2.7,0, 0.66, 0.07, 0.41, 0.41,-0.06, 3.16, 0.00,98.73,63.88,14.52
1071,3,30.89,2.99,31.04,1.60,0.39,11.12, 1.52, 9.02,33.60, 189.2,10.3, 2.8,0, 0.00, 2.15, 0.00, 1.70, 0.04, 0.00, 0.00,*****,64.59,15.44
1072,3,28.58,3.00,34.27,1.75,0.32,11.60, 1.04, 9.85,31.89, 235.3,38.1, 2.3,0, 0.00, 0.00, 0.00, 0.00, 0.44, 2.41, 0.54,97.05,62.71,14.35
1073,3,28.59,2.83,35.40,1.50,0.32,11.78, 1.85, 9.14,31.22, 194.7,47.0, 3.4,0, 0.00, 0.29, 0.00, 0.00,-0.16, 0.00, 0.00,*****,67.66,14.42
1074,3,28.14,2.61,34.16,1.65,0.40,12.99, 1.60,11.75,30.60, 211.7,38.7, 2.8,0, 0.00, 0.00, 0.00, 0.00,-0.14, 0.00, 0.28,*****,64.90,14.67
1075,3,30.89,2.92,35.62,1.74,0.32,10.13, 2.11,11.63,25.70, 247.1,17.9, 3.0,0, 0.00, 0.00, 0.12, 0.00, 0.09, 2.89, 0.00,99.46,60.63,14.15
1076,3,31.98,2.72,33.19,1.61,0.39,10.45, 1.89,11.83,31.17, 240.4,42.9, 3.4,0, 1.59, 0.38, 0.30, 0.00, 0.45, 0.00, 2.99,98.45,60.82,15.55
1077,3,28.00,2.73,30.12,1.53,0.32,11.27, 1.01, 9.49,34.10, 266.6,10.3, 2.0,0, 0.00, 0.00, 0.00, 0.99,-0.06, 0.53, 0.41,99.06,59.98,14.30
1078,3,28.65,2.82,31.06,1.66,0.33,10.01, 2.15, 9.43,34.73, 189.1,49.6, 1.8,0, 0.92, 0.00, 0.00, 0.60, 0.04, 2.46, 0.16,97.38,65.87,14.88
1079,3,29.23,2.82,30.19,1.54,0.35,10.84, 2.14,10.80,32.61, 227.2,41.7, 1.3,0, 1.27, 0.79, 0.00, 0.00,-0.60, 2.06, 0.00,*****,65.05,14.33
1080,3,30.73,2.52,33.12,1.47,0.36,12.36, 2.05, 9.22,32.43, 243.8,10.6, 2.4,0, 0.62, 0.00, 0.00, 0.00,-0.11, 0.00, 0.00,*****,63.56,14.82
1081,3,29.40,2.87,33.74,1.70,0.33,11.05, 2.49, 9.91,29.68, 187.6,26.2, 1.3,0, 0.00, 0.00, 0.97, 0.00,-0.10, 0.00, 0.00,*****,70.80,13.92
1082,3,29.80,2.92,34.80,1.68,0.38,12.94, 1.05, 9.12,27.09, 211.5,30.2, 1.9,0, 0.00, 0.76, 0.00, 0.00,-0.05, 0.00, 0.00,*****,66.47,14.37
1083,3,29.72,2.54,35.39,1.42,0.32,10.07, 1.43,11.35,29.68, 274.5,18.5, 4.0,0, 0.77, 0.00, 0.00, 1.70,-0.13, 1.82, 0.00,99.42,61.07,15.07
1084,3,28.89,2.76,31.89,1.61,0.34,12.06, 2.01, 9.51,32.05, 271.2,20.2, 3.9,0, 0.00, 1.19, 0.13, 1.87, 0.55, 0.51, 0.00,*****,56.79,15.09
1085,3,30.44,2.91,35.58,1.46,0.37,11.82, 1.92,10.52,32.75, 276.9,27.7, 2.6,0, 0.00, 1.11, 0.00, 0.00,-0.21, 0.00, 1.64,99.46,59.47,15.88
1086,3,31.99,2.61,34.80,1.75,0.33,12.53, 1.80,11.33,27.64, 199.5,38.1, 2.3,0, 0.38, 1.77, 0.71, 2.49,-0.27, 0.00, 0.00,*****,70.61,14.96
1087,3,31.10,2.53,34.54,1.43,0.35,12.11, 1.12,10.06,33.75, 196.0,37.0, 2.1,0, 0.23, 0.59, 0.56, 0.00,-0.67, 2.52, 0.00,98.59,65.17,14.64
1088,3,28.90,2.62,33.79,1.48,0.37,12.05, 1.38,11.39,32.67, 184.3,25.5, 1.7,0, 0.00, 0.00, 0.36, 0.70, 0.46, 0.00, 1.05,*****,74.30,14.54
1089,3,31.92,2.52,30.52,1.74,0.32,10.80, 2.10,11.49,29.01, 212.7,45.6, 3.1,0, 1.93, 2.40, 0.00, 0.80, 0.20, 0.30, 1.90,97.79,67.72,14.56
1090,3,31.17,2.67,33.02,1.51,0.39,11.33, 2.06, 9.99,31.20, 262.3,13.9, 2.9,0, 2.23, 0.98, 0.43, 0.00, 0.12, 0.00, 0.00,*****,57.35,14.92
1091,3,31.92,2.86,33.89,1.71,0.34,10.47, 2.42,11.50,27.09, 247.9,47.1, 1.8,0, 0.00, 0.16, 0.00, 0.00, 0.28, 2.95, 1.62,95.43,63.42,15.74
1092,3,31.40,2.67,35.57,1.52,0.38,12.52, 1.10,11.31,26.44, 204.1,18.9, 3.1,0, 0.00, 0.70, 0.00, 2.22,-0.14, 0.00, 0.00,*****,67.09,15.06
1093,3,29.48,2.95,33.45,1.55,0.35,11.21, 1.57,11.50,25.25, 251.8,22.4, 2.8,0, 0.80, 0.00, 0.00, 0.00,-0.57, 0.00, 2.54,97.84,62.56,14.99
1094,3,28.15,2.97,33.58,1.65,0.38,10.14, 1.24,10.68,32.21, 218.7,26.2, 3.4,0, 0.00, 0.00, 0.00, 0.91, 0.04, 1.26, 0.42,98.32,65.05,15.04
1095,3,28.66,2.70,30.64,1.71,0.33,10.35, 2.43,11.31,26.55, 273.7,17.5, 2.6,0, 0.39, 0.00, 0.29, 0.00, 0.40, 1.33, 0.00,99.59,56.39,14.64
1096,3,30.76,2.90,30.51,1.45,0.35,12.89, 1.26,11.61,27.07, 215.7,24.9, 1.6,0, 0.88, 0.00, 0.30, 0.00,-0.16, 0.62, 0.00,*****,69.07,14.21
1097,3,31.16,2.93,30.75,1.73,0.37,11.75, 2.43, 9.84,25.99, 226.3,29.0, 3.4,0, 2.94, 0.09, 0.12, 0.00, 0.24, 2.44, 0.00,*****,62.14,14.64
1098,3,29.57,2.65,34.30,1.59,0.39,10.63, 1.08, 9.58,33.35, 190.2,48.6, 4.0,0, 2.51, 0.00, 0.90, 1.34,-0.16, 3.25, 2.58,94.17,63.08,13.86
1099,3,28.80,2.97,35.21,1.74,0.32,10.02, 1.69,11.40,31.16, 275.9,29.4, 2.4,0, 0.79, 0.00, 0.00, 0.00,-0.08, 2.78, 0.00,99.16,62.07,14.69
1100,3,31.20,2.55,35.20,1.47,0.39,12.31, 1.21,10.84,27.04, 235.4,19.6, 1.1,0, 0.00, 1.01, 0.10, 0.00,-0.12, 1.90, 0.00,99.32,66.88,14.81
1101,3,31.48,2.67,35.28,1.63,0.32,10.34, 1.93, 9.53,34.57, 238.6,42.1, 1.3,0, 0.00, 0.00, 0.00, 0.00,-0.29, 0.00, 0.00,*****,66.02,15.76
1102,3,29.36,2.96,33.15,1.67,0.30,11.68, 1.34, 9.50,27.90, 258.9,41.3, 1.4,0, 0.00, 1.62, 0.00, 0.00,-0.05, 2.66, 1.96,95.37,67.13,16.69
1103,3,30.00,2.79,32.37,1.70,0.31,12.40, 1.39,10.92,32.79, 265.2,49.4, 1.9,0, 2.98, 0.00, 0.00, 0.00,-0.10, 0.72, 1.33,97.95,59.22,14.98
1104,3,29.46,2.70,34.54,1.57,0.34,11.39, 2.04, 9.47,27.76, 244.6,42.1, 1.7,0, 0.00, 0.00, 0.00, 1.52, 0.26, 1.06, 1.58,97.36,63.19,15.68
1105,3,29.49,2.76,35.66,1.63,0.32,12.28, 1.24,10.01,31.55, 272.7,31.4, 2.0,0, 0.74, 0.00, 0.62, 0.00,-0.22, 0.00, 0.00,*****,64.13,14.64
1106,3,31.60,2.54,33.72,1.75,0.36,12.75, 1.92,10.02,31.85, 229.7,41.6, 1.3,0, 0.00, 0.00, 0.53, 0.00, 0.21, 0.00, 2.86,98.47,66.45,15.97
1107,3,31.86,2.72,34.76,1.79,0.33,11.25, 1.66,11.61,31.53, 183.7,47.9, 1.4,0, 0.30, 0.00, 0.04, 0.00, 0.12, 0.00, 0.54,99.97,72.98,13.89
1108,3,31.57,2.62,32.80,1.59,0.33,11.61, 1.63,11.76,30.91, 259.8,31.8, 2.4,0, 0.00, 0.30, 0.85, 0.00, 0.49, 1.20, 0.68,98.11,58.02,13.92
1109,3,31.85,2.60,34.45,1.68,0.37,11.74, 1.93,11.24,28.02, 241.8,31.9, 2.6,0, 0.00, 0.66, 0.77, 0.00,-0.06, 0.00, 1.50,98.50,66.92,14.42
1110,3,28.63,2.99,33.93,1.73,0.33,12.11, 1.26,11.21,25.39, 253.6,19.0, 2.8,0, 1.46, 0.00, 0.31, 0.00,-0.14, 0.00, 0.10,*****,62.16,14.38
1111,3,31.80,2.78,33.12,1.41,0.33,10.92, 1.36, 9.15,26.44, 245.5,10.0, 3.2,0, 1.44, 0.00, 0.38, 0.00,-0.11, 3.16, 1.44,95.39,56.84,14.74
1112,3,30.15,2.72,35.26,1.65,0.34,12.98, 1.84,11.48,34.28, 216.3,45.1, 1.6,0, 0.00, 0.00, 0.00, 2.34,-0.21, 0.00, 0.00,*****,70.19,14.42
1113,3,28.88,2.85,32.78,1.48,0.39,10.95, 2.33,10.27,26.63, 251.7,39.6, 1.7,0, 1.45, 0.00, 0.00, 0.41, 0.06, 1.35, 2.89,95.76,62.65,15.37
1114,3,29.50,2.54,30.36,1.55,0.32,12.33, 1.07, 9.09,25.61, 272.8,32.3, 2.7,0, 0.00, 1.06, 0.00, 0.00,-0.16, 0.05, 0.00,*****,55.27,14.84
1115,3,30.35,2.63,33.95,1.46,0.35,10.84, 2.30,10.83,33.27, 182.7,42.4, 1.4,0, 0.00, 0.83, 0.37, 2.14,-0.09, 0.00, 0.00,*****,74.02,14.62
1116,3,31.96,2.98,30.38,1.61,0.31,10.45, 2.25, 9.54,25.02, 278.1,27.6, 1.1,0, 1.29, 0.00, 0.00, 0.00, 0.01, 0.00, 0.00,*****,63.15,15.33
1117,3,31.93,2.87,31.48,1.40,0.32,11.65, 1.86,11.07,26.19, 239.9,44.2, 1.0,0, 0.00, 0.00, 0.00, 1.67,-0.38, 0.00, 0.00,*****,70.64,14.88
1118,3,28.48,2.95,33.93,1.51,0.38,10.19, 1.74,10.23,33.42, 265.9,30.3, 2.3,0, 0.00, 0.11, 1.00, 0.00,-0.57, 1.24, 0.00,*****,60.87,14.23
1119,3,30.35,2.94,33.94,1.74,0.38,10.05, 1.29,10.46,30.07, 223.1,13.9, 1.9,0, 1.17, 0.00, 1.43, 0.00,-0.19, 0.00, 2.47,*****,65.17,15.21
1120,3,30.85,2.82,35.94,1.49,0.31,10.87, 1.08,10.36,33.24, 221.3,29.7, 2.6,0, 0.00, 1.12, 0.00, 1.98,-0.05, 3.27, 1.31,95.42,61.76,13.93
1121,3,31.01,2.56,33.23,1.71,0.34,10.26, 2.40,10.04,28.79, 191.2,21.1, 3.4,0, 0.00, 0.00, 0.36, 0.00, 0.16, 0.03, 0.17,99.80,64.99,15.09
1122,3,31.79,2.96,34.72,1.60,0.40,11.42, 2.33, 9.93,34.87, 279.9,35.6, 3.4,0, 0.00, 0.00, 0.00, 0.32,-0.53, 0.00, 0.27,*****,59.53,13.77
1123,3,28.87,2.72,31.85,1.61,0.38,10.84, 1.31,11.65,28.46, 209.1,21.6, 1.4,0, 0.00, 0.00, 0.29, 0.00, 0.07, 0.00, 0.00,*****,71.38,14.21
1124,3,30.83,2.73,33.20,1.61,0.32,11.36, 1.74,11.35,29.95, 215.8,10.4, 1.2,0, 0.00, 1.10, 0.00, 0.91,-0.32, 0.00, 0.67,99.84,69.08,14.25
1125,3,30.83,2.61,32.73,1.71,0.31,12.03, 2.49,10.39,31.19, 260.9,18.5, 1.8,0, 0.00, 0.00, 0.00, 0.69,-0.05, 3.45, 0.00,97.61,60.01,16.24
1126,3,28.02,2.83,35.11,1.74,0.34,10.62, 1.34,11.87,27.48, 253.2,46.4, 1.8,0, 2.61, 1.90, 0.00, 0.51,-0.21, 0.00, 0.34,*****,62.56,14.76
1127,3,29.43,2.94,32.52,1.80,0.32,10.19, 2.45,10.44,33.11, 224.3,30.0, 2.5,0, 0.27, 0.97, 0.65, 1.19, 0.52, 3.10, 0.00,97.62,66.10,15.70
1128,3,29.65,2.86,31.50,1.71,0.30,11.82, 2.34,10.73,31.35, 231.1,18.3, 1.5,0, 0.00, 1.10, 0.00, 0.00,-0.34, 0.00, 0.00,*****,68.09,15.66
1129,3,29.98,2.92,35.82,1.69,0.31,11.22, 1.74,11.65,28.80, 216.3,17.6, 3.0,0, 0.00, 0.53, 0.09, 1.44, 0.33, 2.86, 0.00,99.51,62.56,14.86
1130,3,29.06,2.76,31.20,1.62,0.38,11.47, 2.01, 9.54,32.45, 226.7,20.5, 3.6,0, 0.00, 0.51, 0.00, 0.00,-0.38, 0.00, 0.06,*****,56.98,16.24
1131,3,28.17,2.96,34.26,1.65,0.34,10.58, 2.46,11.23,32.23, 236.8,27.3, 2.8,0, 0.78, 0.00, 0.80, 0.40,-0.17, 0.00, 0.26,*****,68.59,15.61
1132,3,28.46,2.72,31.56,1.79,0.31,11.03, 2.10, 9.18,34.84, 246.3,21.1, 3.6,0, 0.00, 0.06, 0.71, 0.00, 0.34, 0.00, 0.00,*****,60.21,17.34
1133,3,31.19,2.57,30.50,1.43,0.32,11.93, 2.36,10.58,31.04, 244.5,34.3, 1.4,0, 0.00, 0.00, 0.00, 0.69,-0.23, 0.00, 0.98,99.03,66.80,15.75
1134,3,28.84,2.61,31.59,1.67,0.35,11.90, 1.38,11.77,26.77, 183.9,22.6, 2.0,0, 0.00, 0.00, 0.17, 1.08, 0.17, 1.72, 0.00,99.73,71.50,15.09
1135,3,28.08,2.86,35.37,1.68,0.39,10.07, 2.36, 9.77,26.79, 218.7,49.1, 1.1,0, 0.60, 0.00, 0.00, 0.96,-0.34, 0.54, 0.53,98.93,71.92,13.55
1136,3,29.14,2.51,33.38,1.63,0.36,12.62, 1.66,10.02,32.00, 244.3,25.8, 1.4,0, 3.59, 0.85, 0.34, 0.25,-0.05, 0.00, 0.71,*****,58.71,14.72
1137,3,31.44,2.90,35.23,1.67,0.32,11.29, 1.82, 9.86,31.77, 196.9,45.7, 3.6,0, 1.20, 0.00, 0.05, 1.00, 0.04, 0.00, 0.09,*****,61.05,15.43
1138,3,30.46,2.75,33.21,1.53,0.33,12.75, 2.11,10.86,34.80, 259.1,22.4, 3.8,0, 1.73, 0.75, 0.39, 0.13, 0.47, 1.24, 0.00,99.72,61.01,15.16
1139,3,28.75,2.61,33.55,1.66,0.38,11.93, 1.58, 9.95,31.75, 199.9,22.7, 1.1,0, 0.00, 0.17, 0.00, 0.00, 0.33, 2.13, 0.92,96.96,71.69,14.73
1140,3,30.65,2.71,34.14,1.67,0.30,10.27, 2.14,11.30,31.96, 202.5,30.4, 2.2,0, 0.80, 0.00, 0.17, 1.38,-0.25, 3.65, 0.00,99.60,71.37,16.28
1141,3,28.49,2.69,34.21,1.53,0.31,10.29, 2.49,11.69,34.02, 203.7,25.9, 1.9,0, 0.00, 0.00, 1.02, 0.00,-0.42, 0.00, 1.16,98.99,70.90,12.88
1142,3,29.87,2.61,33.31,1.68,0.36,10.69, 2.44,10.56,34.78, 237.4,39.5, 3.1,0, 0.00, 0.06, 0.00, 0.00, 0.15, 0.00, 0.00,*****,61.23,14.91
1143,3,29.04,2.86,33.28,1.55,0.32,10.98, 1.71, 9.51,26.54, 265.7,20.3, 3.5,0, 0.00, 0.00, 0.00, 0.61, 0.17, 1.44, 0.09,98.47,55.91,14.81
1144,3,30.66,2.92,30.21,1.42,0.31,11.04, 1.59,11.05,29.22, 190.8,12.1, 3.6,0, 0.00, 0.00, 0.21, 0.92,-0.19, 0.00, 0.54,*****,69.58,14.76
1145,3,29.83,2.84,31.97,1.42,0.36,10.18, 1.51,10.66,30.20, 277.9,49.2, 3.0,0, 0.34, 0.00, 0.00, 0.00, 0.08, 0.00, 0.00,*****,57.96,15.79
1146,3,28.75,2.84,32.85,1.75,0.35,12.16, 2.25,10.03,34.58, 278.8,45.8, 2.0,0, 0.00, 2.13, 0.15, 0.00, 0.22, 0.00, 1.09,99.05,60.59,15.48
1147,3,29.23,2.92,32.26,1.47,0.35,10.88, 1.02, 9.53,31.97, 267.8,11.0, 3.5,0, 2.68, 0.90, 0.39, 0.00, 0.20, 1.98, 0.66,97.37,56.26,16.08
1148,3,28.95,2.98,31.97,1.63,0.31,12.56, 1.42,11.75,30.27, 257.4,22.0, 2.7,0, 0.00, 0.00, 0.00, 0.00, 0.40, 0.00, 0.18,*****,60.96,15.08
1149,3,28.74,2.98,30.35,1.72,0.31,11.01, 1.16, 9.59,31.37, 192.5,24.8, 1.6,0, 0.00, 0.00, 0.00, 0.00,-0.25, 4.42, 1.50,94.08,69.09,15.67
1150,3,30.92,2.62,32.71,1.61,0.39,10.44, 2.33, 9.54,30.25, 188.3,28.8, 1.8,0, 0.00, 0.62, 0.39, 0.04, 0.45, 0.09, 0.00,*****,70.95,14.66
1151,3,31.99,2.69,35.81,1.72,0.31,11.92, 2.45, 9.28,26.25, 234.6,49.4, 1.7,0, 0.00, 0.16, 0.00, 0.00,-0.09, 2.66, 0.00,99.14,64.33,14.96
1152,3,28.80,2.65,33.99,1.66,0.35,12.41, 1.15,11.05,26.62, 214.1,42.8, 2.1,0, 1.89, 0.00, 0.76, 0.53,-0.14, 0.00, 1.17,*****,63.56,14.08
1153,3,31.21,2.86,34.57,1.72,0.31,11.37, 1.03, 9.72,28.41, 229.2,29.0, 3.2,0, 0.00, 0.00, 0.79, 1.28,-0.20, 0.00, 0.00,*****,62.64,16.24
1154,3,29.90,2.53,30.84,1.66,0.32,12.42, 1.75,10.66,34.86, 254.5,47.2, 4.0,0, 0.00, 0.00, 0.00, 0.00, 0.36, 0.70, 0.00,*****,61.18,14.34
1155,3,29.81,2.89,34.49,1.69,0.38,11.34, 1.52, 9.07,34.77, 208.3,12.3, 2.8,0, 1.37, 0.00, 1.32, 0.03,-0.54, 0.00, 0.00,*****,67.86,15.93
1156,3,31.22,2.65,35.61,1.41,0.39,12.41, 1.84,10.38,31.59, 192.1,15.1, 3.6,0, 0.06, 0.40, 0.00, 0.00,-0.55, 1.12, 0.72,98.15,65.89,15.35
1157,3,29.53,2.59,33.15,1.43,0.35,11.82, 1.55,10.49,30.13, 253.5,21.3, 3.5,0, 1.85, 1.81, 0.24, 0.00,-0.09, 0.00, 0.00,*****,59.94,14.18
1158,3,31.47,2.73,35.42,1.47,0.38,12.75, 1.52,11.19,28.92, 258.2,28.2, 2.6,0, 0.00, 0.63, 0.00, 0.00,-0.37, 0.00, 0.00,*****,58.59,13.82
1159,3,30.78,2.73,31.30,1.51,0.37,11.98, 1.24, 9.77,34.22, 204.8,17.2, 2.2,0, 1.25, 0.00, 0.00, 0.70, 0.01, 2.99, 1.54,95.48,69.89,14.89
1160,3,29.85,2.79,32.02,1.79,0.34,12.69, 1.30, 9.01,28.52, 199.9,40.7, 2.4,0, 0.32, 1.74, 0.00, 0.00,-0.38, 0.00, 0.00,*****,68.91,14.15
1161,3,31.95,2.51,30.41,1.72,0.33,11.62, 1.56,11.85,33.54, 235.8,12.0, 3.9,0, 0.00, 0.00, 0.00, 1.24,-0.01, 0.00, 1.11,99.37,59.05,14.33
1162,3,30.85,2.69,30.38,1.80,0.31,12.62, 1.20,10.77,30.74, 274.4,17.3, 3.1,0, 0.00, 0.00, 0.42, 0.00,-0.11, 1.54, 0.00,99.83,55.24,14.00
1163,3,29.63,2.94,34.93,1.42,0.39,12.87, 2.22,10.95,27.08, 254.4,40.6, 2.2,0, 0.00, 0.00, 0.00, 0.00, 0.11, 1.23, 1.03,97.74,64.87,15.36
1164,3,29.67,2.72,33.86,1.68,0.40,10.93, 2.03, 9.97,26.15, 192.6,42.6, 3.5,0, 1.25, 1.32, 0.33, 0.00, 0.00, 2.22, 0.64,97.15,65.32,15.76
1165,3,30.19,2.97,32.32,1.69,0.34,10.68, 1.53,10.89,31.98, 240.2,35.2, 1.2,0, 0.99, 2.66, 0.06, 0.00,-0.14, 0.94, 1.37,97.69,66.85,14.76
1166,3,28.38,2.79,30.81,1.66,0.34,11.86, 1.11,10.77,29.08, 203.2,41.2, 1.4,0, 0.10, 0.00, 0.00, 0.00,-0.40, 0.29, 0.00,*****,73.46,15.13
1167,3,28.14,2.82,33.44,1.43,0.34,11.85, 1.24,10.12,28.17, 234.1,37.7, 2.1,0, 0.00, 0.63, 0.00, 0.00, 0.02, 0.42, 0.43,99.14,62.41,13.81
1168,3,29.07,2.98,33.00,1.57,0.30,11.44, 1.56,10.97,31.33, 188.0,22.5, 2.2,0, 0.00, 0.00, 0.00, 0.08,-0.43, 0.00, 1.66,*****,65.59,14.26
1169,3,31.13,2.97,31.03,1.54,0.31,12.73, 1.32, 9.05,26.20, 186.7,49.9, 2.8,0, 0.00, 0.28, 0.49, 1.45, 0.21, 0.75, 0.14,99.11,69.46,15.31
1170,3,28.83,2.67,35.82,1.43,0.37,11.78, 1.48, 9.23,28.39, 245.0,20.1, 3.9,0, 1.52, 0.27, 0.00, 0.00, 0.01, 2.08, 0.00,*****,62.43,15.50
1171,3,28.10,2.93,30.17,1.69,0.32,10.07, 1.27, 9.39,25.44, 220.0,38.8, 1.2,0, 1.37, 1.39, 0.00, 0.00, 0.24, 0.00, 0.00,*****,63.92,14.63
1172,3,31.49,2.69,31.51,1.61,0.30,11.49, 2.38,11.70,34.65, 197.0,34.6, 3.4,0, 0.00, 0.49, 0.35, 0.23, 0.11, 0.00, 0.00,*****,67.31,14.35
1173,3,30.56,2.82,32.94,1.64,0.31,12.52, 1.98,10.19,26.36, 218.3,14.2, 3.4,0, 0.00, 0.00, 0.00, 0.00,-0.49, 0.00, 0.00,*****,61.28,14.92
1174,3,31.72,2.80,34.22,1.75,0.31,10.17, 2.07,11.30,26.87, 194.4,28.6, 1.7,0, 0.00, 0.68, 0.00, 0.00,-0.01, 0.50, 0.00,*****,66.15,15.73
1175,3,29.26,2.98,31.01,1.43,0.37,12.35, 1.64,11.77,29.42, 272.6,44.3, 2.2,0, 1.12, 0.00, 0.04, 0.54, 0.47, 0.00, 0.43,*****,63.17,14.91
1176,3,28.02,2.86,33.47,1.68,0.39,10.77, 1.05,11.95,33.32, 242.1,21.0, 2.4,0, 0.00, 0.00, 0.44, 0.46, 0.21, 2.25, 0.00,99.89,64.14,15.29
1177,3,29.57,2.80,32.46,1.79,0.33,11.01, 2.03,10.14,33.27, 213.8,35.8, 2.4,0, 0.38, 0.60, 0.15, 0.00, 0.16, 1.90, 0.00,98.12,65.59,14.54
1178,3,29.47,2.75,32.53,1.56,0.36,10.76, 1.45, 9.99,26.26, 192.2,13.9, 2.7,0, 0.00, 0.00, 0.42, 0.00, 0.30, 0.38, 0.22,99.41,65.58,13.02
1179,3,31.81,2.93,32.21,1.40,0.32,12.68, 1.83,11.90,27.59, 228.6,12.0, 1.3,0, 0.00, 0.00, 0.13, 1.14, 0.08, 2.20, 1.58,96.23,68.19,14.45
1180,3,30.08,2.74,33.03,1.44,0.30,10.89, 1.45,10.24,26.31, 193.5,18.2, 1.4,0, 0.00, 0.00, 0.00, 0.00, 0.12, 1.22, 0.00,*****,68.98,15.61
1181,3,28.79,2.80,34.09,1.50,0.34,11.02, 1.85,11.05,34.01, 254.9,12.3, 1.3,0, 0.27, 0.00, 0.71, 0.04,-0.03, 1.95, 1.39,96.66,59.86,14.69
1182,3,30.83,2.61,35.14,1.57,0.40,11.89, 1.95,10.77,33.74, 266.5,13.5, 3.5,0, 0.00, 0.76, 0.57, 0.00, 0.15, 3.19, 0.00,98.00,57.86,14.71
1183,3,31.75,2.72,32.91,1.66,0.36,10.60, 1.58, 9.98,33.91, 269.7,19.0, 3.9,0, 0.00, 0.00, 0.00, 0.00, 0.19, 2.64, 2.71,94.65,54.37,14.76
1184,3,31.10,2.60,35.29,1.61,0.39,11.86, 1.92,10.42,26.20, 215.9,28.6, 2.0,0, 0.00, 0.00, 0.00, 0.00,-0.24, 0.43, 0.00,*****,66.09,14.55
1185,3,31.68,2.84,33.92,1.48,0.40,10.97, 1.19,11.90,29.12, 276.2,11.7, 3.5,0, 0.00, 0.76, 0.00, 0.70,-0.37, 0.00, 0.00,*****,60.85,13.77
1186,3,31.61,2.98,32.89,1.46,0.34,12.17, 2.10,11.70,28.64, 274.7,26.4, 2.6,0, 0.01, 1.25, 0.00, 1.10,-0.23, 0.00, 0.00,*****,62.50,14.16
1187,3,28.14,2.52,30.36,1.72,0.33,12.13, 2.48,11.80,27.22, 277.7,21.7, 2.7,0, 0.30, 0.00, 1.01, 0.00,-0.64, 0.68, 3.03,96.29,62.92,13.77
1188,3,30.42,2.87,30.37,1.72,0.31,11.96, 2.46,10.17,34.38, 217.6,20.1, 1.4,0, 0.00, 0.00, 0.00, 0.81,-0.52, 0.00, 0.00,*****,70.76,13.61
1189,3,29.77,2.79,32.09,1.56,0.35,10.18, 2.26, 9.58,30.68, 232.5,39.2, 1.7,0, 0.35, 0.00, 0.00, 0.47, 0.13, 0.08, 0.62,99.31,66.26,15.23
1190,3,28.94,2.56,31.70,1.54,0.37,10.93, 2.32,11.94,25.43, 242.9,28.4, 1.7,0, 1.30, 0.75, 0.00, 0.45, 0.35, 0.53, 0.73,98.74,67.70,14.84
1191,3,30.02,2.76,35.19,1.78,0.37,10.51, 2.14,10.54,25.59, 271.6,18.0, 1.7,0, 0.84, 0.80, 0.04, 0.00, 0.19, 0.70, 0.00,99.33,66.48,15.44
1192,3,29.29,2.74,35.68,1.61,0.31,12.93, 1.60,11.61,27.77, 230.0,17.9, 2.0,0, 0.62, 0.84, 0.00, 0.00,-0.62, 0.35, 0.00,*****,67.32,14.04
1193,3,30.57,2.95,34.64,1.53,0.33,10.39, 1.46,10.91,32.92, 192.1,11.6, 2.0,0, 0.00, 0.00, 0.00, 1.55, 0.41, 0.12, 2.12,97.76,71.44,14.18
1194,3,28.16,3.00,32.35,1.58,0.37,12.16, 1.10, 9.70,30.84, 222.8,15.6, 3.1,0, 0.00, 0.00, 0.10, 0.00,-0.33, 0.00, 0.00,*****,63.11,13.05
1195,3,28.34,2.62,35.42,1.80,0.31,10.91, 1.27,10.92,27.59, 263.7,44.2, 2.1,0, 0.00, 0.00, 0.00, 0.00,-0.01, 1.04, 0.00,99.45,65.50,15.79
1196,3,30.47,2.65,32.85,1.75,0.40,12.10, 2.30, 9.71,26.38, 180.4,37.2, 3.4,0, 0.00, 0.78, 0.33, 0.00, 0.03, 0.00, 0.00,*****,65.00,14.33
1197,3,31.66,2.88,30.17,1.64,0.35,12.96, 2.02,11.81,33.41, 273.2,46.5, 2.7,0, 0.00, 0.00, 0.06, 1.44, 0.37, 3.46, 0.31,96.24,59.53,15.43
1198,3,29.67,2.86,32.15,1.74,0.34,10.59, 1.73, 9.43,27.80, 188.8,16.8, 2.3,0, 0.00, 1.11, 0.27, 0.87, 0.45, 3.34, 0.68,95.98,65.85,14.63
1199,3,30.34,2.52,33.50,1.68,0.35,12.03, 1.60,11.73,27.26, 270.1,45.3, 1.5,0, 0.52, 0.23, 0.00, 0.00, 0.09, 3.24, 1.98,94.78,65.91,15.63
1200,3,28.07,2.92,33.38,1.80,0.36,12.52, 2.12, 9.92,28.65, 182.7,21.1, 1.5,0, 1.30, 1.18, 0.00, 0.08,-0.15, 1.45, 2.33,96.22,71.96,13.92
1201,3,31.67,2.96,30.13,1.45,0.34,12.34, 1.92,11.89,29.14, 206.7,32.4, 1.8,0, 0.00, 0.00, 0.00, 0.44, 0.26, 2.37, 1.83,95.79,70.85,14.22
1202,3,30.67,2.91,35.21,1.79,0.30,11.73, 1.49, 9.28,25.34, 185.1,11.2, 1.6,0, 0.00, 0.83, 0.00, 0.00,-0.08, 0.00, 0.00,*****,68.61,15.59
1203,3,31.70,2.74,33.95,1.41,0.32,10.54, 2.44,11.62,33.39, 257.9,23.1, 1.1,0, 0.54, 0.31, 0.00, 0.09,-0.24, 0.00, 0.00,*****,69.35,15.11
1204,3,29.46,2.77,30.13,1.64,0.35,11.17, 2.04,11.09,32.53, 267.9,33.5, 1.7,0, 1.61, 1.41, 0.00, 0.30, 0.03, 1.04, 0.66,98.30,60.75,15.43
1205,3,30.32,2.60,34.32,1.60,0.36,11.62, 1.82, 9.68,33.85, 210.9,25.4, 3.9,0, 0.00, 0.00, 1.35, 0.52,-0.06, 0.72, 0.00,*****,63.08,15.67
1206,3,29.14,2.81,35.63,1.67,0.33,10.14, 2.27,10.77,27.51, 268.6,32.9, 2.1,0, 0.00, 0.15, 0.00, 0.00, 0.01, 0.46, 0.00,*****,58.37,13.94
1207,3,30.55,2.62,33.23,1.47,0.39,12.53, 2.18, 9.63,25.09, 228.6,18.3, 2.6,0, 0.00, 0.00, 0.00, 1.13, 0.27, 2.98, 0.00,97.03,64.98,15.62
1208,3,28.90,2.92,35.06,1.65,0.33,10.42, 1.81,11.80,33.20, 237.0,36.8, 1.8,0, 0.00, 0.00, 0.04, 0.00, 0.03, 0.00, 0.00,*****,64.41,14.79
1209,3,31.98,2.64,33.42,1.44,0.32,10.52, 1.34,10.40,29.15, 231.1,33.3, 1.9,0, 2.12, 0.00, 0.31, 0.20,-0.21, 2.85, 0.05,97.10,68.22,15.69
1210,3,31.65,2.99,35.09,1.71,0.38,11.38, 2.09,10.00,28.40, 279.4,10.7, 3.3,0, 0.00, 1.00, 0.23, 0.29,-0.06, 0.00, 0.00,*****,58.70,14.45
1211,3,31.60,2.79,30.82,1.44,0.40,10.05, 1.17, 9.48,33.94, 206.4,15.4, 1.2,0, 0.00, 1.82, 0.26, 0.00,-0.05, 1.92, 0.73,97.35,68.06,15.59
1212,3,30.92,2.88,35.64,1.43,0.35,11.25, 2.07,10.22,29.00, 210.4,19.6, 2.6,0, 0.84, 0.00, 0.00, 0.62,-0.31, 0.00, 1.57,99.00,68.86,14.96
1213,3,31.11,2.77,30.30,1.50,0.35,10.22, 1.30, 9.48,30.63, 218.4,17.0, 1.3,0, 1.44, 0.00, 0.61, 2.30,-0.33, 0.00, 0.00,*****,64.82,15.71
1214,3,31.57,2.54,33.20,1.70,0.32,11.54, 2.11,11.13,28.14, 243.6,48.5, 3.9,0, 1.42, 1.41, 0.02, 1.12, 0.21, 2.29, 0.96,96.75,63.17,15.32
1215,3,31.92,2.93,33.88,1.78,0.35,10.84, 2.11,11.15,29.42, 189.4,26.9, 1.8,0, 0.00, 0.25, 0.00, 0.00, 0.61, 2.34, 1.36,96.30,69.61,14.64
1216,3,29.07,2.96,33.75,1.75,0.39,10.20, 1.06,10.04,33.88, 277.7,19.3, 1.9,0, 0.84, 0.00, 1.06, 0.33,-0.25, 1.21, 1.46,97.33,56.37,14.40
1217,3,31.94,2.58,35.81,1.68,0.39,10.04, 1.49, 9.89,33.89, 233.3,27.2, 3.2,0, 0.00, 1.07, 0.00, 0.30, 0.32, 1.14, 0.13,98.73,63.44,15.69
1218,3,29.61,2.59,31.60,1.71,0.39,11.77, 1.47, 9.38,27.95, 265.7,40.7, 4.0,0, 0.00, 0.93, 0.00, 0.98, 0.01, 0.00, 0.00,*****,56.49,15.67
1219,3,28.01,2.64,33.40,1.77,0.35,11.59, 1.15, 9.57,31.19, 195.6,20.6, 1.1,0, 0.20, 0.09, 0.01, 1.45, 0.34, 0.00, 1.66,*****,68.08,15.93
1220,3,30.02,2.83,31.54,1.54,0.33,10.33, 1.22, 9.69,26.03, 272.8,16.3, 3.6,0, 0.00, 0.00, 0.00, 0.00,-0.29, 1.02, 0.00,99.55,57.34,14.43
1221,3,28.79,2.81,35.73,1.58,0.38,10.49, 2.12,11.60,29.73, 190.1,24.1, 1.3,0, 0.00, 0.00, 0.10, 0.00,-0.26, 0.27, 0.00,99.80,71.90,13.66
1222,3,31.89,2.90,30.24,1.69,0.39,11.35, 1.31,11.96,28.48, 280.0,44.3, 3.9,0, 0.01, 1.29, 0.00, 1.56,-0.18, 0.00, 0.00,*****,57.38,14.58
1223,3,31.46,2.86,32.21,1.54,0.34,11.49, 2.29, 9.11,32.14, 222.5,30.6, 1.4,0, 0.00, 0.58, 0.37, 1.19, 0.28, 0.00, 1.32,99.28,68.05,14.82
1224,3,28.53,2.88,35.40,1.56,0.38,12.18, 1.84, 9.98,32.36, 263.9,38.9, 1.9,0, 0.00, 0.00, 0.49, 0.60, 0.26, 0.58, 0.68,98.74,62.81,15.51
1225,3,29.83,2.58,32.72,1.72,0.38,11.09, 1.83,11.92,34.09, 254.8,29.5, 1.7,0, 0.18, 1.13, 0.00, 0.38, 0.24, 1.96, 0.53,97.51,62.41,14.62
1226,3,28.64,2.86,30.27,1.58,0.31,11.89, 1.47, 9.71,28.76, 258.9,30.6, 2.2,0, 1.03, 0.00, 0.08, 0.44, 0.12, 1.52, 0.00,98.79,63.95,15.08
1227,3,28.14,2.75,31.73,1.66,0.39,11.55, 1.41, 9.04,32.83, 228.1,36.6, 3.2,0, 0.33, 0.05, 0.00, 0.00, 0.05, 0.00, 0.00,*****,62.46,15.01
1228,3,30.25,2.53,31.55,1.58,0.37,11.30, 1.69,11.39,30.20, 278.9,32.5, 2.2,0, 0.82, 1.67, 1.04, 0.00,-0.03, 1.30, 0.00,*****,63.40,15.05
1229,3,28.70,2.95,32.50,1.68,0.34,11.79, 1.49,10.65,30.40, 231.4,29.3, 2.2,0, 0.00, 0.71, 0.00, 0.00, 0.03, 0.15, 0.00,*****,66.42,14.91
1230,3,31.65,2.83,30.12,1.71,0.37,12.79, 2.07,11.10,27.49, 258.5,18.7, 2.3,0, 0.00, 0.00, 0.36, 0.00, 0.41, 1.57, 0.00,99.44,59.48,15.48
1231,3,31.49,2.99,31.51,1.44,0.40,10.58, 1.45,10.58,33.13, 191.7,35.3, 2.0,0, 0.29, 0.00, 0.00, 1.54,-0.20, 0.00, 0.00,*****,74.90,14.06
1232,3,30.95,2.95,31.13,1.77,0.31,10.16, 1.51,10.55,26.95, 192.0,15.9, 3.5,0, 0.00, 0.00, 1.02, 0.70,-0.21, 1.25, 3.40,95.34,66.82,15.81
1233,3,28.16,2.74,33.51,1.58,0.31,10.36, 1.02,10.97,32.87, 276.6,23.5, 1.8,0, 0.00, 0.00, 0.00, 0.43,-0.11, 0.48, 0.00,*****,62.98,14.47
1234,3,31.16,2.93,34.13,1.41,0.31,12.42, 1.19, 9.64,26.12, 192.8,22.6, 2.1,0, 0.00, 0.00, 0.00, 0.43,-0.02, 1.57, 0.18,98.25,66.76,14.36
1235,3,28.27,2.71,33.36,1.42,0.31,10.12, 2.09,11.15,26.29, 200.7,39.3, 2.4,0, 0.00, 0.00, 0.55, 1.59, 0.29, 0.00, 2.62,*****,62.97,13.55
1236,3,28.22,3.00,33.28,1.46,0.37,11.77, 2.40,11.50,32.83, 267.2,28.0, 4.0,0, 0.00, 0.74, 0.00, 0.00, 0.00, 0.00, 0.00,*****,59.96,15.61
1237,3,30.12,2.77,35.04,1.62,0.34,12.78, 1.72,11.62,31.90, 193.3,30.4, 1.3,0, 0.00, 0.52, 0.00, 0.00,-0.03, 0.13, 1.40,98.48,71.89,15.01
1238,3,28.92,2.82,34.20,1.66,0.38,12.61, 1.08, 9.32,34.47, 274.6,31.0, 1.8,0, 0.00, 0.00, 1.00, 0.00,-0.08, 0.00, 0.44,*****,58.86,14.06
1239,3,29.80,2.86,31.27,1.58,0.35,10.66, 1.57, 9.12,30.69, 225.7,40.0, 2.6,0, 0.00, 0.15, 0.21, 0.59, 0.04, 0.00, 1.05,99.69,70.03,15.25
1240,3,31.06,2.71,35.15,1.68,0.33,12.21, 2.22,11.07,30.33, 190.7,11.5, 3.8,0, 0.26, 0.00, 0.19, 0.00, 0.01, 0.00, 0.00,*****,70.05,14.01
1241,3,31.78,2.61,35.24,1.51,0.30,12.59, 2.12, 9.94,26.18, 244.4,32.1, 3.5,0, 0.00, 0.00, 0.00, 1.09, 0.16, 0.24, 0.09,99.68,58.44,14.72
1242,3,28.97,2.80,31.96,1.56,0.40,12.96, 2.43,10.53,26.82, 270.2,16.9, 3.8,0, 0.69, 0.00, 0.69, 0.00, 0.13, 1.77, 0.60,97.63,54.63,13.68
1243,3,28.51,2.59,30.66,1.71,0.35,10.24, 1.77,11.93,30.14, 183.4,42.3, 3.4,0, 0.00, 0.00, 0.00, 2.03, 0.36, 1.17, 0.00,99.97,67.54,13.92
1244,3,28.29,2.95,33.89,1.70,0.31,11.82, 1.75, 9.76,29.75, 267.6,43.1, 1.9,0, 0.00, 0.00, 0.00, 0.00, 0.02, 1.54, 0.68,97.78,60.85,14.64
1245,3,30.09,2.98,33.71,1.72,0.36,11.90, 1.27, 9.98,26.65, 200.7,14.4, 1.7,0, 0.00, 0.00, 0.00, 0.00,-0.51, 1.11, 1.22,97.66,67.17,14.63
1246,3,31.27,2.66,30.14,1.64,0.40,12.67, 1.74, 9.11,27.36, 261.4,14.6, 4.0,0, 0.00, 0.00, 0.00, 0.05,-0.22, 0.00, 1.00,*****,57.34,15.06
1247,3,29.33,2.75,31.64,1.78,0.36,10.32, 1.72, 9.19,26.93, 260.2,31.7, 2.2,0, 0.00, 0.00, 0.63, 0.00,-0.20, 0.00, 0.00,*****,62.43,13.36
1248,3,31.72,2.94,34.73,1.57,0.32,10.51, 1.38,11.73,31.68, 266.5,39.1, 3.8,0, 0.00, 0.73, 0.42, 0.00, 0.09, 1.24, 1.14,97.62,60.44,16.42
1249,3,30.79,2.73,34.28,1.51,0.33,12.52, 1.50,10.61,25.56, 184.5,41.2, 2.6,0, 0.00, 0.24, 0.40, 1.29, 0.38, 0.02, 0.00,*****,76.93,14.53
1250,3,31.78,2.52,30.06,1.44,0.34,12.20, 1.03, 9.91,27.85, 249.9,23.3, 2.5,0, 0.00, 0.00, 0.45, 1.84, 0.04, 0.00, 1.28,*****,59.29,15.60
1251,3,28.74,2.75,33.55,1.55,0.38,11.33, 1.30, 9.06,25.09, 218.0,41.5, 3.9,0, 0.31, 0.00, 0.00, 0.00,-0.00, 0.00, 0.80,99.27,61.71,14.65
1252,3,30.16,2.70,33.58,1.72,0.34,12.87, 1.50,11.09,33.79, 195.3,13.6, 3.2,0, 0.00, 0.74, 0.23, 0.00, 0.22, 3.93, 0.00,97.92,66.28,15.04
1253,3,28.77,2.50,35.87,1.74,0.33,10.25, 2.12, 9.73,33.26, 215.2,32.2, 1.1,0, 0.00, 0.37, 0.00, 0.00, 0.19, 3.42, 0.00,98.04,69.96,15.23
1254,3,29.68,2.86,34.10,1.70,0.36,10.73, 1.80, 9.13,26.52, 232.2,43.5, 2.5,0, 0.00, 0.00, 0.00, 0.00,-0.35, 0.00, 0.00,*****,64.54,14.56
1255,3,28.05,2.64,31.90,1.69,0.33,11.35, 1.48, 9.68,25.61, 204.7,24.3, 2.9,0, 0.69, 0.00, 0.30, 0.20,-0.12, 0.00, 0.00,*****,65.18,14.95
1256,3,30.77,2.86,35.30,1.46,0.40,10.09, 1.31, 9.93,28.56, 213.0,41.2, 2.9,0, 3.43, 0.00, 0.45, 0.88, 0.92, 0.00, 0.00,*****,64.28,14.85
1257,3,29.05,2.77,30.03,1.73,0.35,12.06, 2.03,11.78,34.28, 271.9,43.1, 1.2,0, 0.13, 1.10, 0.00, 0.56,-0.21, 2.22, 0.00,97.99,68.76,15.05
1258,3,31.34,2.51,34.84,1.46,0.37,11.05, 1.86, 9.65,32.38, 255.7,12.0, 3.6,0, 1.36, 0.00, 0.67, 0.00,-0.24, 0.00, 1.05,*****,60.83,14.51
1259,3,28.78,2.62,32.32,1.60,0.36,12.35, 1.21,10.12,29.45, 273.5,14.3, 2.2,0, 0.00, 1.09, 0.00, 0.00, 0.23, 0.00, 0.25,*****,59.15,15.25
1260,3,31.45,2.50,31.11,1.40,0.31,10.76, 2.25,11.42,27.38, 235.1,43.4, 1.5,0, 0.00, 0.00, 0.22, 0.61, 0.21, 0.00, 0.00,*****,67.22,15.17
1261,3,29.88,2.99,35.21,1.41,0.33,10.41, 1.44,11.38,32.97, 210.8,47.2, 1.5,0, 4.24, 0.05, 0.12, 0.00, 0.28, 0.88, 0.00,99.87,67.77,14.82
1262,3,30.16,2.56,35.11,1.73,0.40,12.40, 2.13, 9.76,31.75, 220.5,28.2, 2.3,0, 0.00, 0.00, 0.87, 0.50,-0.19, 0.00, 0.00,*****,64.80,14.78
1263,3,29.95,2.73,31.15,1.41,0.36,11.25, 1.74, 9.07,31.91, 255.7,41.7, 3.0,0, 0.00, 0.00, 0.00, 0.00, 0.21, 0.00, 0.00,*****,61.30,13.91
1264,3,28.71,2.63,33.99,1.60,0.39,12.31, 2.28, 9.00,25.10, 205.3,21.6, 1.5,0, 0.89, 0.00, 0.12, 1.60,-0.31, 0.19, 0.78,99.03,66.66,14.81
1265,3,31.59,2.78,30.21,1.57,0.31,11.16, 1.84,11.39,29.77, 208.4,29.4, 2.7,0, 1.08, 0.00, 0.33, 0.00, 0.60, 1.90, 2.56,95.54,63.42,14.17
1266,3,29.74,2.93,32.33,1.56,0.31,11.50, 2.38, 9.24,33.55, 225.9,18.4, 3.7,0, 0.16, 0.36, 0.14, 0.32, 0.27, 0.46, 0.00,*****,60.16,15.06
1267,3,31.42,2.70,35.85,1.44,0.33,10.33, 1.99,11.01,31.84, 217.0,44.3, 1.2,0, 0.00, 0.00, 0.00, 0.56,-0.03, 0.00, 0.00,*****,68.19,14.72
1268,3,31.81,2.99,31.37,1.55,0.31,11.64, 2.36, 9.59,28.19, 213.0,11.8, 3.5,0, 0.00, 0.23, 0.00, 0.23,-0.07, 0.07, 0.39,99.54,59.94,14.39
1269,3,30.20,2.59,31.78,1.41,0.32,12.57, 2.12, 9.79,25.54, 182.5,21.6, 3.2,0, 0.00, 1.09, 0.62, 0.10, 0.17, 2.15, 0.00,99.13,65.85,15.78
1270,3,31.60,2.71,34.06,1.61,0.31,12.68, 1.34,11.30,32.64, 227.5,24.9, 3.0,0, 0.00, 0.72, 0.00, 0.03,-0.15, 2.47, 0.00,98.80,68.76,14.67
1271,3,31.50,2.64,30.24,1.68,0.36,11.24, 1.49, 9.75,31.94, 239.4,30.4, 3.0,0, 1.18, 0.30, 0.53, 0.00,-0.06, 0.00, 2.36,99.90,61.29,14.85
1272,3,31.01,2.77,35.55,1.45,0.36,10.29, 1.48, 9.58,29.57, 265.7,33.3, 3.6,0, 0.00, 0.16, 0.00, 0.04,-0.02, 1.08, 0.00,*****,60.10,15.17
1273,3,29.35,2.72,35.78,1.42,0.37,10.38, 2.03,10.20,28.96, 233.0,10.4, 1.0,0, 0.03, 0.00, 0.00, 1.52,-0.20, 1.19, 2.11,96.70,64.22,14.48
1274,3,30.11,2.90,30.34,1.79,0.38,10.16, 1.32,10.40,29.07, 227.9,17.3, 1.6,0, 2.36, 0.36, 0.36, 1.37,-0.05, 1.56, 1.09,97.35,70.37,14.37
1275,3,30.80,2.59,30.65,1.48,0.37,10.51, 1.52,11.00,29.50, 244.4,24.9, 3.8,0, 0.00, 0.00, 0.00, 0.00, 0.21, 0.75, 0.70,98.56,58.61,15.44
1276,3,31.62,2.63,31.92,1.77,0.34,12.44, 1.81,10.95,31.15, 239.2,21.4, 3.6,0, 0.00, 0.22, 0.00, 1.54,-0.10, 0.00, 1.65,98.70,61.77,14.94
1277,3,28.74,2.77,32.43,1.65,0.39,11.96, 1.29,11.17,31.37, 213.0,27.6, 2.7,0, 2.27, 0.00, 0.00, 0.00,-0.16, 0.10, 0.00,*****,64.71,14.41
1278,3,30.60,2.91,35.17,1.69,0.34,12.97, 1.99, 9.78,32.01, 219.5,38.2, 1.3,0, 0.00, 0.94, 0.00, 1.56,-0.25, 1.99, 1.09,96.92,67.75,14.98
1279,3,29.43,2.60,34.17,1.68,0.38,12.75, 1.00,11.96,29.70, 195.3,16.9, 3.9,0, 1.38, 0.00, 0.15, 0.00,-0.12, 0.00, 0.00,*****,68.11,15.79
1280,3,29.61,2.55,31.07,1.55,0.35,10.35, 1.58, 9.85,29.19, 256.5,30.1, 2.7,0, 2.83, 0.00, 0.00, 0.00, 0.18, 0.95, 0.00,*****,58.72,15.79
1281,3,28.38,2.77,33.78,1.75,0.32,11.89, 2.42, 9.53,32.48, 266.6,35.4, 3.8,0, 0.83, 0.70, 0.22, 1.31,-0.29, 0.00, 0.00,*****,53.94,13.89
1282,3,29.55,2.77,30.83,1.42,0.37,11.85, 2.06, 9.95,25.88, 259.2,20.7, 3.0,0, 0.00, 0.13, 0.24, 0.00,-0.04, 0.84, 0.19,98.97,56.81,14.39
1283,3,31.82,2.89,33.76,1.59,0.35,11.08, 2.07,10.20,26.06, 226.1,42.0, 1.2,0, 0.00, 0.27, 0.42, 0.51,-0.53, 0.27, 1.86,97.87,67.68,14.75
1284,3,31.14,2.51,31.63,1.70,0.40,10.26, 1.68,11.97,32.54, 234.9,15.7, 1.9,0, 1.63, 0.00, 0.00, 0.00, 0.48, 0.01, 0.00,*****,66.37,13.61
1285,3,31.57,2.76,34.84,1.47,0.32,11.48, 1.76,11.27,28.92, 217.1,28.3, 3.4,0, 0.00, 1.30, 0.95, 0.00, 0.57, 0.00, 0.20,*****,63.06,15.67
1286,3,28.25,2.55,30.85,1.80,0.38,10.61, 1.44,10.49,34.38, 263.0,21.6, 3.9,0, 0.00, 0.23, 1.09, 0.09,-0.13, 1.43, 0.00,99.72,57.76,14.52
1287,3,30.04,2.51,31.59,1.62,0.33,11.06, 1.08,11.79,34.38, 211.9,13.9, 1.5,0, 0.00, 0.75, 0.50, 0.00,-0.09, 0.00, 0.00,*****,63.81,14.08
1288,3,31.05,2.97,31.93,1.72,0.39,12.70, 1.77,11.27,30.49, 207.3,20.2, 1.7,0, 0.34, 0.00, 0.51, 1.51,-0.19, 0.00, 0.19,99.94,66.68,14.63
1289,3,31.93,2.66,32.93,1.76,0.36,10.85, 2.34, 9.79,27.20, 223.6,26.1, 2.6,0, 1.74, 0.07, 0.00, 0.57, 0.08, 0.00, 2.00,99.44,59.21,14.81
1290,3,29.47,2.83,33.71,1.58,0.31,12.25, 1.00,10.88,34.32, 270.7,49.4, 1.7,0, 2.32, 2.45, 0.00, 0.00, 0.09, 0.00, 0.00,*****,60.38,13.37
1291,3,28.18,2.93,33.04,1.60,0.35,11.46, 1.87,10.97,30.38, 277.0,48.4, 1.1,0, 0.00, 0.90, 0.00, 0.72, 0.15, 0.00, 0.00,*****,66.81,15.30
1292,3,28.08,2.96,34.31,1.43,0.31,10.05, 2.41, 9.63,28.66, 199.0,40.4, 2.5,0, 0.13, 0.77, 0.00, 0.48, 0.44, 0.00, 0.00,*****,70.02,14.76
1293,3,29.26,2.93,30.16,1.42,0.39,11.57, 1.20, 9.94,28.62, 247.3,48.6, 2.9,0, 0.00, 0.00, 0.00, 1.30,-0.12, 3.09, 1.76,95.15,61.76,14.60
1294,3,28.40,2.57,30.31,1.53,0.37,11.01, 1.07,11.20,33.41, 250.3,48.7, 1.9,0, 0.00, 0.00, 0.16, 0.00,-0.23, 1.01, 2.26,96.73,59.90,14.97
1295,3,28.33,2.85,35.43,1.70,0.36,10.32, 1.40,11.74,27.28, 228.0,21.2, 4.0,0, 0.52, 0.19, 0.74, 1.48,-0.70, 1.61, 0.56,97.83,61.59,14.56
1296,3,28.11,2.79,34.78,1.56,0.30,10.27, 1.23,10.33,26.15, 261.0,33.1, 3.2,0, 0.10, 0.00, 0.14, 0.00, 0.05, 0.00, 0.00,*****,63.84,15.85
1297,3,28.47,2.54,34.97,1.45,0.35,12.23, 1.56, 9.99,26.52, 271.4,19.5, 2.1,0, 0.00, 0.24, 0.00, 2.34,-0.22, 0.00, 0.00,*****,61.67,14.58
1298,3,31.81,2.74,33.40,1.40,0.39,10.15, 1.71,10.56,26.47, 256.9,27.4, 1.4,0, 4.00, 0.00, 0.07, 0.00, 0.01, 0.00, 0.00,*****,63.08,14.43
1299,3,30.28,2.79,35.67,1.56,0.33,11.73, 2.07,10.84,27.80, 271.4,29.6, 3.0,0, 2.89, 0.00, 0.00, 1.48, 0.13, 3.04, 0.00,98.67,61.78,15.85
1300,3,29.28,2.86,33.92,1.51,0.37,12.28, 2.47,10.94,28.28, 187.8,43.7, 1.5,0, 0.00, 0.00, 0.00, 0.14,-0.12, 0.00, 0.00,*****,69.90,14.52
1301,3,31.78,2.51,33.68,1.43,0.33,11.91, 2.10,11.39,33.18, 264.5,46.0, 3.4,0, 0.50, 0.00, 0.00, 0.00,-0.04, 0.00, 0.30,*****,60.13,14.66
1302,3,29.31,2.78,35.21,1.64,0.31,12.10, 1.81,11.50,25.68, 187.6,43.2, 2.5,0, 0.87, 0.00, 0.00, 0.42, 0.16, 0.00, 0.00,*****,68.20,14.18
1303,3,28.27,2.65,34.85,1.43,0.32,12.95, 2.16,10.31,31.75, 210.6,20.3, 2.6,0, 1.94, 0.35, 0.00, 0.35, 0.13, 0.00, 2.65,98.30,68.21,15.93
1304,3,28.76,2.77,32.04,1.45,0.34,12.95, 2.05, 9.88,26.18, 259.5,47.4, 3.7,0, 0.00, 0.00, 0.07, 0.17, 0.11, 0.23, 0.00,99.94,60.83,15.90
1305,3,30.69,2.50,35.37,1.64,0.34,12.00, 1.68,10.55,27.30, 216.7,30.8, 1.3,0, 0.18, 0.00, 0.00, 0.00, 0.24, 0.00, 0.00,*****,69.79,15.69
1306,3,31.42,2.96,33.10,1.75,0.38,11.21, 2.13, 9.22,32.20, 184.2,46.1, 1.5,0, 0.00, 0.16, 0.63, 0.53, 0.27, 0.00, 0.00,*****,72.40,15.43
1307,3,30.56,2.92,36.00,1.66,0.38,12.77, 1.28, 9.25,34.68, 232.4,38.2, 1.4,0, 0.00, 0.21, 0.00, 1.21, 0.19, 0.00, 0.00,*****,65.74,15.38
1308,3,31.10,2.97,30.16,1.71,0.36,10.73, 2.15, 9.19,25.16, 244.1,11.2, 2.1,0, 0.00, 0.28, 0.00, 0.00,-0.22, 2.07, 0.00,98.15,63.03,14.37
1309,3,30.01,2.54,34.03,1.50,0.32,12.36, 2.12, 9.57,32.51, 250.6,10.6, 1.8,0, 0.00, 0.00, 0.17, 0.00,-0.45, 0.32, 0.80,98.88,61.93,14.55
1310,3,28.42,2.94,33.71,1.68,0.35,12.36, 1.94, 9.11,34.88, 278.6,42.6, 1.5,0, 1.21, 0.87, 0.00, 2.25,-0.10, 3.44, 1.27,95.29,64.38,15.06
1311,3,30.88,2.85,35.35,1.51,0.38,11.84, 1.15,10.74,28.18, 192.9,30.5, 1.5,0, 0.00, 0.07, 0.00, 1.52,-0.32, 0.00, 1.42,99.54,71.36,15.45
1312,3,28.82,2.85,31.84,1.77,0.37,11.40, 2.16,10.75,29.17, 246.9,22.0, 2.4,0, 0.00, 0.02, 0.17, 0.00, 0.39, 4.12, 0.00,97.13,66.25,13.58
1313,3,28.98,2.58,31.98,1.73,0.32,12.19, 2.10,10.30,26.36, 261.8,44.4, 3.3,0, 0.71, 0.94, 0.00, 0.00, 0.08, 0.00, 0.00,*****,54.10,15.17
1314,3,29.24,3.00,34.02,1.71,0.36,12.91, 2.11, 9.80,33.88, 222.3,40.2, 2.1,0, 1.22, 0.19, 0.00, 2.91,-0.05, 0.00, 0.00,*****,66.08,13.32
1315,3,30.58,2.87,34.94,1.58,0.37,10.06, 2.32, 9.71,34.71, 211.1,23.9, 2.7,0, 0.87, 1.09, 0.38, 0.00,-0.22, 0.85, 0.71,98.44,63.39,15.83
1316,3,28.64,2.84,32.42,1.75,0.31,11.60, 1.44,10.32,28.48, 183.4,16.4, 2.5,0, 0.00, 0.00, 0.28, 0.00, 0.00, 3.03, 0.00,98.81,73.41,15.83
1317,3,31.55,2.98,32.84,1.45,0.37,11.51, 2.26, 9.46,32.82, 265.6,21.5, 1.9,0, 0.23, 0.00, 0.00, 0.42,-0.16, 0.51, 0.70,98.79,59.96,14.63
1318,3,28.39,2.59,35.04,1.56,0.34,12.21, 1.56,11.88,25.60, 180.1,14.5, 2.8,0, 0.00, 0.00, 0.00, 0.52,-0.34, 2.12, 2.26,95.62,68.08,16.21
1319,3,31.09,2.72,30.51,1.57,0.40,11.20, 1.86,10.36,30.39, 185.0,17.7, 3.9,0, 0.00, 0.78, 0.19, 0.00, 0.40, 3.78, 0.00,97.11,64.16,15.68
1320,3,29.29,2.71,33.99,1.61,0.39,12.03, 1.06, 9.89,26.79, 257.8,15.4, 1.6,0, 0.47, 0.00, 0.00, 0.00,-0.29, 0.00, 0.00,*****,62.25,14.75
1321,3,28.86,2.97,33.67,1.47,0.35,12.72, 1.53, 9.17,31.13, 242.8,38.4, 4.0,0, 1.45, 0.00, 1.22, 0.00,-0.66, 0.00, 0.00,*****,56.03,16.14
1322,3,29.03,2.92,33.83,1.53,0.32,11.92, 1.87,10.63,30.52, 263.2,36.5, 3.6,0, 0.88, 1.15, 0.65, 0.00,-0.37, 0.00, 0.00,*****,57.37,15.40
1323,3,31.65,2.95,30.71,1.69,0.32,11.52, 2.33,11.14,28.82, 256.5,15.2, 1.1,0, 0.00, 0.00, 1.39, 0.00, 0.63, 0.00, 0.16,*****,64.09,15.54
1324,3,31.23,2.99,30.67,1.51,0.34,12.62, 2.18, 9.90,26.09, 204.6,42.9, 3.8,0, 0.00, 0.00, 0.00, 0.00,-0.23, 0.00, 0.00,*****,69.52,15.21
1325,3,31.90,2.51,31.53,1.75,0.33,11.05, 1.46,10.83,27.59, 193.6,42.7, 2.8,0, 0.00, 0.00, 0.00, 1.13,-0.56, 0.00, 2.40,99.36,64.82,13.16
1326,3,30.26,2.89,33.37,1.48,0.32,11.23, 1.53, 9.25,33.66, 185.7,22.4, 2.6,0, 0.71, 0.33, 0.02, 0.00, 0.09, 0.00, 0.00,*****,66.76,12.66
1327,3,29.35,2.96,31.16,1.47,0.33,12.30, 2.05,10.39,28.80, 273.3,42.4, 1.8,0, 0.00, 0.00, 0.00, 0.14,-0.48, 2.89, 0.00,98.88,62.11,15.37
1328,3,31.81,2.63,35.55,1.62,0.36,10.56, 2.19,11.99,34.89, 256.9,31.8, 3.9,0, 0.77, 0.38, 0.45, 0.79,-0.13, 0.00, 0.00,*****,60.53,15.16
1329,3,30.47,2.55,34.78,1.46,0.33,10.31, 2.40,11.99,32.44, 273.3,26.3, 2.4,0, 0.00, 0.00, 1.81, 0.00, 0.36, 0.76, 1.12,98.12,62.20,13.68
1330,3,29.73,2.60,33.38,1.71,0.37,12.31, 1.21,10.34,31.45, 186.5,38.8, 2.4,0, 1.87, 0.17, 0.00, 0.00,-0.01, 0.45, 0.36,99.19,70.55,14.97
1331,3,30.17,2.83,30.73,1.43,0.36,11.88, 2.46,11.92,34.36, 272.0,22.8, 1.3,0, 0.59, 0.75, 0.11, 0.00, 0.49, 1.39, 1.84,96.76,59.52,15.01
1332,3,31.45,2.80,34.50,1.42,0.35,11.77, 2.07, 9.63,34.09, 244.3,11.5, 2.2,0, 0.00, 0.38, 0.43, 0.00, 0.28, 0.00, 0.00,*****,60.87,15.14
1333,3,29.53,2.85,33.46,1.67,0.31,10.15, 1.36,11.55,33.88, 265.5,39.9, 3.4,0, 0.10, 0.95, 0.22, 0.59,-0.27, 0.88, 0.00,99.30,57.55,15.64
1334,3,30.31,2.56,34.26,1.75,0.40,12.19, 1.18,11.49,27.74, 270.8,22.1, 1.1,0, 0.00, 0.55, 0.00, 0.76,-0.49, 0.00, 0.00,*****,60.98,16.08
1335,3,29.93,2.72,35.46,1.67,0.34,12.65, 1.81, 9.33,26.78, 221.5,43.4, 1.8,0, 0.04, 1.14, 0.41, 1.15, 0.20, 0.00, 1.65,99.26,69.94,15.54
1336,3,31.15,2.84,31.94,1.65,0.39,10.55, 1.99,10.16,28.70, 230.2,22.7, 4.0,0, 0.00, 0.93, 0.00, 0.00, 0.35, 0.30, 0.60,99.11,59.27,14.74
1337,3,28.83,2.77,31.34,1.60,0.31,12.48, 1.10, 9.95,32.80, 272.1,17.1, 2.9,0, 0.00, 0.00, 0.81, 0.03, 0.06, 1.35, 0.35,98.30,55.78,12.71
1338,3,31.86,2.99,33.55,1.80,0.36,13.00, 1.75,10.48,31.51, 220.8,39.0, 3.3,0, 0.00, 0.00, 0.00, 0.00,-0.15, 0.00, 0.79,*****,68.37,15.20
1339,3,29.06,2.69,35.43,1.74,0.30,10.39, 2.32, 9.06,34.94, 255.1,19.4, 3.5,0, 0.17, 0.00, 0.00, 0.00,-0.13, 6.05, 0.00,94.17,57.14,15.01
1340,3,28.67,2.62,31.13,1.42,0.40,12.79, 2.43, 9.47,29.87, 213.7,12.0, 1.0,0, 0.00, 0.00, 0.48, 1.71, 0.15, 0.00, 0.93,*****,67.54,15.60
1341,3,31.69,2.61,34.84,1.60,0.35,12.10, 2.43,11.40,34.30, 226.7,41.5, 3.6,0, 0.87, 0.00, 0.21, 2.79, 0.27, 0.00, 0.00,*****,65.00,15.33
1342,3,30.55,2.78,34.87,1.57,0.38,11.31, 2.16,11.67,25.63, 251.6,35.7, 2.8,0, 0.61, 0.60, 0.00, 1.46, 0.57, 0.00, 0.00,*****,63.26,14.96
1343,3,28.18,2.96,33.07,1.74,0.31,12.30, 1.03,10.31,28.91, 243.6,30.4, 1.4,0, 0.27, 0.00, 0.00, 0.00, 0.76, 0.00, 0.00,*****,63.53,16.18
1344,3,31.07,2.71,31.21,1.75,0.36,12.13, 2.07, 9.94,31.19, 201.9,30.9, 1.0,0, 0.00, 0.78, 0.00, 0.00,-0.15, 0.08, 0.00,*****,71.03,15.52
1345,3,28.55,2.75,34.88,1.74,0.35,10.41, 1.65, 9.27,31.61, 185.0,31.4, 2.4,0, 0.00, 0.48, 0.00, 0.74, 0.15, 3.22, 0.45,96.34,73.07,15.74
1346,3,31.92,2.95,33.75,1.77,0.31,12.28, 1.66, 9.51,27.36, 182.1,47.9, 1.3,0, 0.00, 0.00, 0.00, 0.00,-0.08, 0.47, 2.55,96.98,68.13,17.14
1347,3,31.06,2.78,31.74,1.77,0.32,11.72, 1.54,10.46,27.72, 234.9,49.6, 2.3,0, 0.64, 0.75, 0.19, 1.05, 0.17, 1.86, 0.01,98.13,67.04,14.51
1348,3,29.99,2.64,33.38,1.46,0.38,11.05, 2.17,11.99,33.75, 239.8,35.0, 1.9,0, 0.00, 0.00, 0.00, 1.06,-0.31, 0.00, 1.42,99.49,66.57,15.86
1349,3,30.95,2.81,30.71,1.44,0.31,11.56, 1.28,11.14,28.57, 232.5,27.5, 2.4,0, 0.00, 0.75, 0.26, 0.00,-0.14, 0.00, 0.14,*****,64.81,15.09
1350,3,28.62,2.68,35.09,1.73,0.35,12.64, 1.35,10.94,30.14, 209.5,34.4, 2.8,0, 0.00, 0.66, 0.50, 0.00, 0.47, 1.58, 2.16,96.26,64.44,15.03
1351,3,29.88,2.73,34.74,1.66,0.31,11.11, 1.95,10.58,28.50, 263.5,35.4, 4.0,0, 0.00, 0.00, 0.69, 0.17, 0.25, 3.80, 0.00,98.50,64.93,15.62
1352,3,28.89,2.89,33.42,1.48,0.40,10.08, 1.00,10.50,28.19, 180.6,11.6, 2.6,0, 0.00, 0.29, 0.00, 0.00, 0.11, 1.27, 0.00,99.18,70.82,14.48
1353,3,28.27,2.81,34.23,1.63,0.40,12.23, 1.35,10.76,29.59, 265.7,15.1, 2.3,0, 0.70, 0.00, 0.00, 1.55, 0.27, 0.94, 0.00,*****,61.43,14.69
1354,3,29.34,2.83,35.41,1.44,0.31,12.70, 1.10,11.98,27.03, 227.1,17.2, 1.6,0, 0.00, 1.51, 0.00, 0.00, 0.43, 1.31, 0.00,99.22,69.75,15.36
1355,3,30.86,2.75,35.35,1.54,0.32,11.59, 1.20, 9.70,25.96, 207.6,45.6, 1.3,0, 0.00, 0.00, 0.27, 0.00, 0.18, 2.43, 0.20,97.37,68.16,14.16
1356,3,29.24,2.56,31.34,1.70,0.40,12.38, 2.19,11.56,25.40, 242.1,48.9, 3.7,0, 1.78, 1.42, 0.00, 0.50, 0.46, 0.00, 0.00,*****,57.76,13.94
1357,3,30.96,2.65,35.34,1.66,0.34,10.76, 1.09, 9.40,33.86, 246.6,12.7, 3.8,0, 0.32, 0.00, 0.26, 0.00, 0.49, 0.00, 0.43,*****,57.83,15.68
1358,3,31.88,2.65,33.72,1.70,0.34,10.62, 1.32,11.27,25.63, 185.7,33.2, 3.8,0, 0.00, 0.00, 0.09, 0.00, 0.00, 0.00, 0.00,*****,69.03,14.03
1359,3,29.05,2.91,31.41,1.47,0.39,11.02, 1.10,11.89,26.66, 232.3,13.5, 2.3,0, 1.40, 0.61, 0.00, 0.59, 0.21, 0.00, 0.00,*****,60.55,14.27
1360,3,31.94,2.69,31.56,1.67,0.30,11.58, 1.86,10.12,34.95, 222.7,43.5, 3.2,0, 0.00, 0.14, 0.33, 0.00,-0.43, 2.82, 1.32,95.86,66.44,15.55
1361,3,31.04,2.85,31.80,1.74,0.33,11.99, 2.16,10.98,25.08, 215.5,43.9, 2.3,0, 0.07, 0.00, 0.31, 0.32,-0.29, 1.22, 1.55,97.24,69.26,15.62
1362,3,30.65,2.79,30.49,1.55,0.39,12.32, 1.52,11.69,27.28, 263.5,46.1, 2.4,0, 0.00, 0.00, 0.88, 0.00, 0.17, 0.00, 0.17,*****,64.04,14.28
1363,3,31.82,2.74,35.61,1.50,0.39,12.72, 1.93,11.87,25.07, 233.7,30.9, 2.4,0, 0.00, 1.38, 0.04, 0.00, 0.19, 0.00, 0.00,*****,60.30,13.93
1364,3,30.42,2.82,34.95,1.50,0.30,11.83, 2.31,11.07,33.31, 270.2,47.6, 2.6,0, 0.00, 0.51, 0.00, 0.00, 0.25, 0.38, 1.10,98.53,59.42,13.70
1365,3,28.27,2.65,34.59,1.59,0.38,10.63, 1.93,11.19,27.70, 278.2,23.7, 1.7,0, 0.00, 2.09, 0.39, 0.00, 0.23, 2.67, 0.00,97.93,61.35,15.45
1366,3,29.76,2.67,32.84,1.43,0.39,12.34, 1.73,10.79,26.66, 242.2,16.1, 1.1,0, 0.00, 0.00, 0.00, 1.09,-0.26, 0.00, 2.98,97.63,65.05,15.68
1367,3,31.83,2.55,32.06,1.41,0.31,10.25, 1.07, 9.52,25.60, 240.6,15.6, 3.7,0, 0.00, 0.29, 0.34, 0.00,-0.19, 0.00, 0.03,*****,59.15,15.76
1368,3,30.50,2.83,35.71,1.77,0.36,12.41, 1.97,10.36,28.24, 210.4,20.9, 1.5,0, 1.52, 0.00, 0.23, 0.00,-0.22, 0.00, 0.00,*****,65.00,15.08
1369,3,29.43,2.63,30.94,1.43,0.39,11.81, 2.26,11.28,25.85, 255.4,16.8, 1.6,0, 2.96, 0.00, 0.00, 0.47,-0.62, 0.00, 1.10,98.98,62.98,14.84
1370,3,29.75,2.71,34.59,1.43,0.36,10.01, 1.21,11.51,31.89, 222.1,25.2, 2.3,0, 0.00, 0.74, 0.00, 0.00,-0.43, 0.00, 0.00,*****,65.51,14.99
1371,3,28.11,2.63,35.28,1.65,0.35,12.54, 2.49, 9.35,29.21, 232.7,13.3, 1.8,0, 0.00, 0.53, 0.00, 1.81, 0.17, 1.45, 0.00,98.66,62.94,16.34
1372,3,29.60,2.74,31.28,1.68,0.32,10.40, 1.96,10.43,30.23, 249.1,43.2, 1.6,0, 1.37, 0.06, 0.00, 0.00, 0.43, 0.00, 0.18,*****,64.11,14.27
1373,3,31.49,2.65,33.86,1.73,0.40,10.96, 1.36,10.42,25.11, 229.7,34.9, 1.4,0, 2.14, 0.00, 0.00, 1.25, 0.17, 0.89, 0.00,99.56,64.64,14.91
1374,3,31.39,2.93,31.28,1.69,0.31,12.42, 2.31, 9.45,33.61, 241.2,10.4, 2.0,0, 0.00, 1.12, 0.00, 0.00, 0.07, 0.00, 2.56,99.13,64.07,14.87
1375,3,29.29,2.51,30.38,1.71,0.37,10.39, 1.06, 9.10,34.55, 204.8,22.8, 2.5,0, 0.00, 0.00, 0.29, 2.49, 0.43, 0.00, 2.37,99.97,62.59,14.55
1376,3,30.43,2.91,34.57,1.76,0.39,12.30, 1.05,10.14,32.86, 189.5,24.3, 1.7,0, 0.00, 0.00, 0.55, 1.72, 0.13, 0.00, 0.00,*****,70.01,16.14
1377,3,31.79,2.82,31.62,1.53,0.38,10.28, 1.10, 9.68,25.18, 242.7,48.8, 3.2,0, 0.00, 2.25, 0.18, 0.00, 0.09, 0.00, 0.00,*****,58.76,15.27
1378,3,30.39,2.67,30.87,1.73,0.39,11.24, 1.04,10.36,34.06, 211.7,36.0, 3.9,0, 3.31, 0.00, 0.00, 0.31, 0.15, 0.92, 0.02,99.06,63.00,16.12
1379,3,31.85,2.80,35.74,1.71,0.36,12.60, 1.34,11.16,31.01, 257.4,49.2, 1.1,0, 0.00, 0.80, 0.70, 0.00, 0.38, 0.94, 0.00,*****,59.75,13.97
1380,3,29.62,2.87,34.10,1.60,0.30,10.36, 1.60,11.41,25.73, 236.2,25.7, 2.5,0, 0.00, 0.00, 0.10, 0.00, 0.32, 2.66, 0.00,98.29,66.34,15.53
1381,3,28.96,2.62,33.55,1.69,0.37,12.63, 1.01,11.26,33.52, 239.9,27.0, 1.6,0, 0.00, 0.00, 0.17, 0.00,-0.64, 1.32, 2.27,96.42,67.57,13.64
1382,3,30.80,2.77,30.93,1.51,0.39,10.56, 1.35, 9.93,29.74, 230.2,26.2, 3.1,0, 0.67, 0.00, 0.00, 1.78, 0.74, 0.61, 0.00,99.51,65.12,15.32
1383,3,30.28,2.53,34.96,1.63,0.38,10.39, 2.13, 9.67,29.38, 222.0,15.0, 3.9,0, 0.60, 0.00, 0.20, 0.00,-0.01, 0.11, 1.07,98.82,62.50,15.39
1384,3,28.68,2.82,30.42,1.73,0.33,12.29, 2.50, 9.95,27.18, 199.0,36.9, 2.6,0, 1.03, 1.01, 0.24, 0.00, 0.26, 0.00, 0.00,*****,66.13,15.70
1385,3,31.66,2.84,33.93,1.62,0.40,11.13, 2.02,11.67,33.19, 261.3,32.4, 2.1,0, 1.32, 0.83, 0.00, 0.33,-0.18, 3.65, 0.35,96.00,62.23,14.81
1386,3,29.78,2.84,32.64,1.63,0.39,12.62, 1.97,11.31,27.72, 252.2,26.3, 2.8,0, 1.28, 1.34, 0.40, 0.91, 0.70, 0.00, 0.00,*****,62.16,14.33
1387,3,29.13,2.63,35.83,1.45,0.31,12.82, 2.41, 9.38,32.29, 236.8,29.5, 3.1,0, 0.66, 0.00, 0.00, 0.00, 0.45, 1.64, 0.38,97.97,60.99,14.84
1388,3,31.72,2.94,32.63,1.42,0.31,11.54, 1.30,10.53,32.55, 260.2,44.0, 3.9,0, 0.00, 1.23, 0.70, 0.12,-0.05, 4.53, 0.00,97.95,64.13,14.04
1389,3,28.99,2.93,34.55,1.53,0.39,12.93, 1.69,10.12,32.60, 236.5,15.7, 3.4,0, 0.98, 0.93, 0.00, 2.29,-0.15, 2.18, 0.35,97.46,62.80,14.05
1390,3,28.18,2.73,34.16,1.78,0.39,11.20, 1.46, 9.60,28.16, 240.9,48.9, 3.0,0, 0.00, 0.49, 0.38, 0.23, 0.30, 2.54, 2.32,95.15,65.38,12.78
1391,3,30.93,2.65,31.27,1.59,0.30,10.23, 2.30,10.51,29.60, 246.3,42.8, 2.6,0, 1.45, 1.59, 0.64, 0.00, 0.25, 0.00, 0.05,*****,60.66,15.36
1392,3,29.46,2.68,35.47,1.72,0.40,12.08, 2.11,10.88,32.23, 269.4,41.0, 2.8,0, 0.00, 0.43, 0.00, 0.01,-0.24, 0.01, 2.04,97.95,62.72,14.96
1393,3,30.60,2.54,32.76,1.75,0.31,11.36, 1.02,11.30,27.22, 275.2,17.9, 3.9,0, 0.00, 0.00, 0.00, 1.66,-0.89, 0.00, 1.46,99.86,58.98,13.98
1394,3,29.73,3.00,35.48,1.75,0.35,11.53, 2.22, 9.31,26.80, 220.2,46.5, 2.9,0, 0.96, 0.00, 0.59, 0.00, 0.00, 0.00, 0.00,*****,61.59,16.51
1395,3,31.93,2.98,32.60,1.79,0.32,12.77, 2.11, 9.40,34.32, 279.3,17.0, 2.3,0, 0.00, 0.00, 0.35, 0.00,-0.45, 0.30, 0.00,*****,58.52,14.33
1396,3,29.89,2.76,34.80,1.45,0.32,10.73, 1.46, 9.68,27.99, 197.8,27.3, 3.3,0, 0.85, 0.00, 0.00, 1.19, 0.15, 3.25, 0.19,96.56,64.37,14.02
1397,3,28.97,2.94,34.70,1.73,0.31,10.06, 2.28, 9.21,31.75, 250.2,44.7, 2.3,0, 0.00, 0.00, 0.00, 0.82, 0.21, 0.00, 0.00,*****,61.10,14.86
1398,3,28.35,2.53,32.32,1.67,0.38,11.82, 1.63,11.21,33.86, 214.4,23.5, 1.7,0, 1.07, 1.56, 0.32, 0.00, 0.07, 1.99, 0.00,98.42,71.09,15.86
1399,3,29.50,2.82,34.72,1.64,0.33,11.38, 2.12,11.07,34.02, 201.5,28.7, 3.9,0, 0.00, 0.00, 0.00, 0.00,-0.61, 1.14, 0.00,*****,65.50,14.84
1400,3,29.18,2.62,30.95,1.72,0.33,10.96, 1.90,11.34,31.69, 216.0,49.7, 3.8,0, 0.00, 0.00, 0.15, 0.00,-0.02, 0.00, 0.00,*****,64.79,14.54
1401,3,31.10,2.60,34.09,1.44,0.39,11.53, 1.03,10.57,27.06, 248.3,26.1, 1.1,0, 0.00, 0.00, 0.00, 0.49,-0.14, 1.90, 0.00,*****,64.86,17.38
1402,3,29.05,2.83,33.44,1.46,0.39,11.97, 1.99,11.28,32.49, 187.6,29.1, 3.4,0, 0.18, 0.00, 0.00, 0.36,-0.01, 0.00, 0.00,*****,70.17,14.78
1403,3,31.77,2.55,33.95,1.77,0.33,11.22, 2.27, 9.21,34.99, 194.1,41.8, 3.2,0, 0.23, 0.00, 0.14, 0.68,-0.10, 2.51, 0.00,98.87,65.18,14.75
1404,3,30.88,2.81,31.58,1.61,0.37,10.55, 2.31, 9.63,31.84, 183.4,39.5, 3.5,0, 0.00, 0.00, 0.00, 0.00,-0.02, 1.97, 2.46,95.57,64.28,15.28
1405,3,28.33,2.69,31.78,1.77,0.34,10.45, 2.44,10.22,29.41, 243.8,10.5, 2.8,0, 0.85, 0.00, 0.03, 0.00,-0.47, 0.00, 1.44,99.00,62.71,14.21
1406,3,30.80,2.74,34.92,1.65,0.34,12.73, 1.00, 9.39,34.29, 267.3,11.9, 3.2,0, 0.00, 0.00, 0.00, 0.95, 0.30, 0.00, 0.00,*****,62.42,15.14
1407,3,29.96,2.55,32.62,1.72,0.38,11.54, 2.32, 9.09,25.65, 255.9,27.0, 3.4,0, 0.00, 1.35, 0.73, 0.00,-0.16, 0.00, 0.00,*****,59.15,15.31
1408,3,29.31,2.79,34.53,1.78,0.36,12.00, 1.05,11.15,33.04, 211.2,18.4, 1.0,0, 0.10, 0.00, 0.96, 0.00,-0.25, 0.50, 1.00,98.50,67.37,16.18
1409,3,30.40,2.66,34.40,1.56,0.31,10.52, 1.40,11.83,34.25, 266.6,38.8, 1.3,0, 0.00, 0.76, 0.00, 1.01, 0.02, 0.00, 0.36,*****,67.30,14.10
1410,3,31.61,2.97,32.89,1.76,0.36,12.72, 1.70, 9.62,30.84, 190.4,23.0, 2.5,0, 0.00, 1.77, 0.00, 0.00, 0.07, 0.00, 0.00,*****,70.08,14.99
1411,3,29.26,2.99,31.53,1.56,0.39,11.93, 1.31, 9.44,34.69, 279.8,14.5, 1.4,0, 1.10, 0.00, 0.00, 1.87, 0.25, 3.06, 0.86,96.08,62.30,14.74
1412,3,30.40,2.60,31.48,1.80,0.38,12.63, 1.70, 9.33,31.67, 235.3,28.1, 3.0,0, 0.17, 0.00, 0.00, 2.31,-0.29, 0.19, 0.00,*****,66.96,15.30
1413,3,30.88,2.77,33.19,1.79,0.32,10.79, 1.55, 9.11,34.26, 251.7,47.6, 2.3,0, 0.86, 0.12, 0.04, 0.12,-0.02, 0.00, 1.40,99.97,60.41,16.27
1414,3,29.22,2.69,35.18,1.70,0.34,11.11, 2.35,10.84,31.06, 278.1,14.7, 1.9,0, 0.00, 0.00, 0.49, 0.82,-0.69, 0.00, 2.45,98.75,60.78,15.43
1415,3,31.49,2.72,33.19,1.62,0.39,10.66, 1.40,10.79,33.34, 275.4,39.8, 1.2,0, 0.33, 0.00, 0.70, 0.00,-0.10, 0.97, 0.00,*****,63.78,14.54
1416,3,30.81,2.52,33.27,1.56,0.38,11.95, 2.14,11.76,30.30, 253.4,42.5, 3.3,0, 2.67, 0.00, 0.06, 0.51,-0.03, 0.00, 3.01,98.80,58.89,13.99
1417,3,30.82,2.59,34.26,1.42,0.35,10.68, 2.04,11.07,26.65, 260.3,48.6, 2.1,0, 0.51, 2.61, 0.00, 0.02, 0.12, 0.00, 0.00,*****,65.20,14.62
1418,3,28.40,2.93,34.04,1.66,0.32,10.14, 2.02,11.69,25.79, 258.9,35.4, 3.2,0, 0.00, 0.80, 0.49, 0.00,-0.41, 1.48, 0.01,98.50,62.68,15.02
1419,3,28.68,2.63,34.67,1.46,0.38,12.02, 2.23,10.79,28.29, 218.6,16.3, 3.9,0, 0.06, 0.00, 0.00, 0.00,-0.22, 3.24, 1.12,95.64,65.50,15.50
1420,3,28.37,2.57,31.38,1.55,0.35,12.07, 1.56,10.30,34.14, 253.1,12.9, 1.5,0, 0.00, 0.00, 0.00, 0.00, 0.10, 4.35, 0.00,96.36,61.57,14.39
1421,3,31.67,2.99,33.11,1.61,0.35,11.24, 1.72,10.68,34.01, 268.9,36.8, 2.7,0, 0.78, 0.00, 0.34, 0.43, 0.01, 0.00, 0.00,*****,60.71,15.66
1422,3,28.61,2.93,32.37,1.66,0.32,11.43, 1.69, 9.64,32.62, 250.9,47.9, 2.2,0, 0.72, 0.00, 1.67, 1.00,-0.08, 0.00, 0.00,*****,59.87,14.79
1423,3,30.13,2.92,31.83,1.71,0.34,12.10, 1.85,11.49,29.87, 212.8,42.1, 2.6,0, 0.00, 0.00, 0.92, 0.00, 0.24, 0.66, 1.95,97.39,62.07,15.67
1424,3,30.98,2.59,34.53,1.80,0.36,10.75, 1.88,10.89,30.22, 268.1,33.0, 1.2,0, 0.00, 0.00, 0.00, 0.59, 0.64, 1.54, 0.00,99.39,61.83,15.44
1425,3,28.61,2.86,30.72,1.66,0.35,11.47, 1.22, 9.88,34.19, 222.1,17.2, 3.5,0, 0.68, 0.08, 0.09, 0.00,-0.39, 0.00, 0.00,*****,65.81,15.54
1426,3,30.29,2.74,31.73,1.58,0.35,11.83, 1.33, 9.88,31.84, 246.1,44.7, 3.1,0, 2.00, 1.21, 0.17, 1.28, 0.23, 0.00, 0.36,*****,68.01,14.79
1427,3,31.97,2.50,32.25,1.76,0.35,12.58, 1.33, 9.74,29.51, 193.8,12.2, 1.2,0, 0.00, 0.00, 0.00, 0.00,-0.02, 0.35, 0.00,*****,68.24,15.05
1428,3,29.50,2.54,31.85,1.74,0.36,12.43, 2.16, 9.92,27.05, 189.6,15.1, 1.0,0, 0.00, 0.00, 0.49, 1.49, 0.07, 0.00, 0.00,*****,74.07,15.10
1429,3,28.08,2.72,31.30,1.52,0.36,11.75, 1.08, 9.20,30.26, 271.8,34.9, 1.1,0, 0.00, 0.50, 0.00, 0.00,-0.21, 1.69, 0.00,*****,60.65,15.10
1430,3,29.30,2.51,33.37,1.51,0.39,11.49, 1.86,10.93,32.99, 197.0,41.5, 2.5,0, 0.66, 1.07, 0.82, 0.00,-0.23, 1.32, 0.68,98.01,67.91,14.45
1431,3,29.82,2.73,35.32,1.47,0.37,10.97, 2.25, 9.31,30.71, 207.4,46.7, 1.8,0, 0.00, 0.00, 0.49, 0.00,-0.04, 0.00, 0.28,*****,68.09,15.64
1432,3,31.54,2.93,34.82,1.72,0.39,12.40, 2.47,10.02,33.41, 254.6,26.0, 2.0,0, 0.00, 0.00, 0.00, 0.00, 0.11, 1.40, 2.74,95.86,60.57,15.99
1433,3,31.02,2.77,35.33,1.63,0.39,12.46, 1.69,11.13,29.05, 250.8,23.1, 1.9,0, 0.02, 0.00, 0.56, 0.02, 0.16, 0.00, 1.49,99.33,64.61,14.87
1434,3,29.02,2.51,33.52,1.42,0.38,10.34, 2.09,11.31,34.29, 274.5,32.3, 3.1,0, 0.74, 0.00, 0.44, 0.06, 0.19, 0.00, 0.00,*****,60.19,14.68
1435,3,31.71,2.70,33.61,1.75,0.32,12.39, 1.14, 9.32,34.16, 214.9,36.0, 2.2,0, 0.00, 0.00, 0.46, 0.00,-0.09, 0.54, 0.94,98.52,61.46,13.54
1436,3,29.31,2.83,31.11,1.78,0.36,11.51, 2.30,10.53,26.44, 276.3,11.9, 3.0,0, 0.28, 1.15, 0.13, 0.00, 0.00, 2.44, 0.76,96.80,57.51,14.51
1437,3,30.00,2.64,34.99,1.51,0.39,12.45, 1.36,11.59,25.69, 203.0,19.3, 3.0,0, 0.57, 0.42, 0.00, 0.00,-0.14, 0.00, 0.24,*****,61.48,15.16
1438,3,31.62,2.63,31.01,1.73,0.32,12.15, 1.32,10.03,34.92, 229.3,32.9, 3.3,0, 0.00, 0.00, 0.36, 0.82,-0.14, 0.04, 0.00,*****,61.70,14.85
1439,3,28.15,2.86,32.75,1.78,0.34,10.21, 1.30,10.08,25.60, 232.7,37.2, 2.0,0, 0.00, 0.00, 0.00, 0.00, 0.02, 1.38, 0.00,98.98,67.02,14.35
1440,3,30.80,2.58,30.10,1.60,0.33,10.90, 2.27,10.15,27.17, 211.2,14.2, 1.4,0, 0.00, 0.54, 0.10, 1.21,-0.13, 0.00, 0.98,99.94,66.47,15.31
1441,3,30.17,2.73,30.59,1.61,0.36,12.89, 1.23,10.12,25.93, 203.3,12.4, 2.4,0, 0.00, 0.00, 0.02, 0.00,-0.35, 0.00, 0.00,*****,64.67,15.48
1442,3,29.30,2.87,32.45,1.44,0.34,11.36, 1.55,11.58,33.41, 223.9,24.0, 2.3,0, 0.03, 0.00, 0.00, 0.00, 0.22, 0.00, 0.00,*****,67.35,15.15
1443,3,28.24,2.91,35.35,1.40,0.39,12.88, 2.16, 9.88,28.60, 205.4,24.1, 1.3,0, 0.00, 0.00, 0.34, 0.81, 0.06, 0.33, 0.00,*****,72.66,16.01
1444,3,29.82,2.78,33.56,1.53,0.36,12.41, 1.75,10.91,25.63, 181.7,43.9, 2.9,0, 1.60, 0.39, 0.00, 1.64,-0.04, 1.06, 0.00,*****,69.93,14.61
1445,3,31.57,2.62,31.57,1.55,0.31,10.20, 2.34, 9.07,34.38, 275.3,10.5, 2.8,0, 0.61, 0.00, 0.81, 0.00,-0.13, 0.00, 0.00,*****,61.56,14.18
1446,3,30.50,2.77,35.59,1.66,0.36,12.27, 1.31,11.92,27.62, 275.0,13.8, 2.8,0, 0.00, 2.53, 0.02, 0.00,-0.11, 0.00, 0.00,*****,61.78,13.32
1447,3,30.02,2.67,31.76,1.56,0.35,11.04, 2.42, 9.39,26.69, 188.5,27.9, 4.0,0, 0.02, 0.11, 0.00, 0.00,-0.22, 2.28, 2.19,95.53,66.74,14.82
1448,3,29.01,2.59,34.00,1.48,0.39,11.06, 1.19, 9.66,26.10, 194.2,14.0, 2.5,0, 3.71, 0.82, 0.00, 1.23,-0.21, 1.23, 0.00,99.19,72.63,14.74
1449,3,29.23,2.65,31.52,1.51,0.35,11.70, 2.05,10.23,27.13, 259.9,46.6, 1.6,0, 0.00, 1.11, 0.00, 0.25,-0.10, 0.00, 1.91,*****,59.42,17.04
1450,3,29.09,2.82,35.41,1.54,0.38,12.40, 2.41,10.57,26.44, 252.7,16.8, 1.1,0, 0.00, 1.31, 0.19, 1.39,-0.31, 0.33, 0.00,*****,70.81,15.22
1451,3,31.35,2.92,35.14,1.79,0.34,12.81, 2.45, 9.94,28.95, 246.2,27.0, 3.5,0, 0.00, 0.22, 0.47, 0.00, 0.32, 0.00, 0.00,*****,57.79,15.83
1452,3,31.71,2.79,30.69,1.50,0.34,11.42, 1.54,10.73,25.49, 276.7,34.5, 2.6,0, 1.81, 0.00, 0.00, 1.06, 0.34, 0.05, 1.35,98.60,59.18,13.85
1453,3,31.67,2.51,33.26,1.44,0.38,10.33, 1.80,10.78,27.47, 235.6,23.7, 2.0,0, 0.00, 0.00, 0.00, 0.45, 0.07, 0.91, 0.00,*****,63.83,15.92
1454,3,30.24,2.98,35.13,1.70,0.35,11.87, 1.82,11.55,28.80, 238.3,43.8, 1.0,0, 2.65, 0.00, 0.00, 0.00,-0.10, 0.00, 1.11,*****,64.19,15.09
1455,3,31.59,2.81,30.36,1.59,0.32,12.43, 1.27, 9.94,28.24, 194.6,10.9, 3.7,0, 0.00, 0.00, 0.00, 0.00, 0.10, 0.00, 1.59,*****,63.62,15.07
1456,3,29.53,2.83,34.96,1.78,0.38,11.90, 1.59,11.79,30.92, 194.7,42.3, 3.7,0, 0.00, 0.00, 0.44, 1.33,-0.44, 2.22, 0.00,97.90,62.47,15.68
1457,3,31.27,2.90,30.89,1.55,0.39,11.40, 2.49,11.84,26.64, 237.1,43.8, 2.2,0, 0.00, 0.06, 0.45, 0.00, 0.27, 0.00, 0.58,*****,68.88,15.04
1458,3,31.18,2.89,32.77,1.72,0.31,12.29, 1.64, 9.26,32.41, 231.3,18.9, 1.8,0, 1.11, 0.73, 0.87, 1.12,-0.24, 0.00, 0.00,*****,67.87,13.84
1459,3,30.14,2.77,32.52,1.54,0.40,10.55, 1.71,10.52,25.28, 218.7,25.9, 3.2,0, 2.43, 1.00, 0.86, 2.06,-0.20, 0.00, 0.00,*****,62.18,15.78
1460,3,29.33,2.65,31.71,1.45,0.31,11.09, 1.04, 9.05,28.14, 275.5,12.5, 1.5,0, 0.00, 0.69, 0.00, 1.11,-0.21, 1.59, 0.00,*****,56.13,14.56
1461,3,28.78,3.00,31.63,1.58,0.36,11.55, 2.31,10.17,33.45, 232.2,38.0, 1.2,0, 0.00, 0.00, 0.00, 0.00, 0.07, 0.00, 2.19,99.88,60.67,14.49
1462,3,28.02,2.88,33.59,1.56,0.32,10.29, 2.15, 9.33,31.47, 208.2,42.5, 1.0,0, 0.91, 0.00, 0.00, 0.00,-0.20, 0.00, 3.54,97.16,66.09,15.30
1463,3,30.42,2.58,30.63,1.47,0.36,12.89, 2.31,11.81,31.98, 224.7,24.5, 3.4,0, 0.00, 0.80, 0.00, 0.12,-0.17, 0.00, 1.25,99.96,66.02,15.19
1464,3,29.20,2.84,33.11,1.50,0.35,10.89, 1.93, 9.94,30.21, 194.0,10.7, 3.1,0, 1.29, 0.00, 0.51, 2.20, 0.22, 0.00, 0.36,*****,63.03,15.95
1465,3,28.08,2.64,31.15,1.71,0.30,10.62, 2.22,10.93,32.48, 222.5,17.6, 3.3,0, 1.07, 0.00, 0.00, 1.78, 0.21, 1.86, 0.70,97.44,64.95,14.76
1466,3,31.83,2.85,30.42,1.62,0.39,10.73, 2.50,10.56,34.34, 189.1,42.2, 3.8,0, 0.55, 0.00, 0.15, 1.84, 0.42, 0.00, 0.49,*****,70.05,15.35
1467,3,31.34,2.58,35.00,1.72,0.31,11.42, 1.56,11.33,30.43, 230.0,38.6, 1.0,0, 0.00, 0.58, 0.50, 0.00, 0.24, 0.00, 1.82,98.47,68.48,15.65
1468,3,29.91,2.67,32.24,1.51,0.33,10.67, 1.25, 9.77,34.16, 202.4,44.5, 2.0,0, 1.87, 1.48, 0.18, 0.00,-0.03, 0.00, 0.00,*****,68.33,13.89
1469,3,28.91,2.58,31.86,1.44,0.31,12.24, 2.44,11.68,28.99, 233.3,41.1, 3.3,0, 0.25, 0.03, 0.00, 0.00, 0.06, 0.00, 0.00,*****,65.58,15.42
1470,3,28.83,2.71,34.10,1.46,0.34,10.33, 2.11,11.32,26.94, 234.7,45.3, 1.8,0, 0.00, 0.34, 0.00, 1.09,-0.05, 2.06, 0.56,97.37,66.34,13.36
1471,3,31.67,2.69,34.75,1.50,0.39,12.78, 1.19,11.47,28.98, 266.0,49.9, 4.0,0, 0.00, 0.37, 0.31, 0.00, 0.18, 1.44, 0.00,99.66,58.37,15.90
1472,3,31.55,2.73,34.24,1.60,0.39,12.86, 2.16,10.14,30.04, 207.0,49.8, 1.9,0, 1.62, 2.17, 0.39, 0.00, 0.44, 0.05, 1.71,98.24,69.24,15.51
1473,3,31.68,2.62,33.61,1.72,0.39,11.46, 1.82,10.78,32.67, 184.5,28.2, 2.5,0, 1.54, 0.76, 0.00, 0.00,-0.21, 1.15, 0.00,99.45,73.18,13.92
1474,3,28.11,2.52,31.49,1.64,0.37,10.35, 1.54,10.04,30.76, 212.5,48.4, 1.8,0, 0.00, 0.00, 0.46, 0.00, 0.06, 0.00, 0.00,*****,65.70,14.67
1475,3,31.12,2.91,31.95,1.71,0.30,10.85, 2.21,11.27,26.94, 223.3,28.9, 2.3,0, 0.96, 1.78, 0.00, 0.12,-0.45, 0.00, 3.32,99.68,63.51,15.73
1476,3,30.41,2.62,34.08,1.76,0.34,11.00, 1.49,10.82,25.46, 266.8,17.4, 4.0,0, 0.00, 0.02, 0.06, 0.00, 0.79, 0.85, 0.51,98.64,57.02,14.60
1477,3,31.01,2.59,30.44,1.61,0.32,10.36, 1.12, 9.37,34.70, 233.2,38.4, 2.3,0, 0.00, 1.40, 0.00, 1.17, 0.01, 0.00, 0.10,*****,62.69,14.87
1478,3,28.12,2.75,32.83,1.40,0.32,11.53, 1.37,11.25,29.04, 246.5,36.0, 2.8,0, 0.00, 1.42, 0.00, 0.00, 0.01, 0.00, 0.00,*****,67.72,14.30
1479,3,31.65,2.67,33.03,1.69,0.39,11.09, 1.12, 9.08,28.93, 278.8,47.3, 2.0,0, 0.00, 0.22, 0.00, 0.63, 0.22, 0.00, 0.00,*****,58.15,15.85
1480,3,28.25,2.84,35.81,1.61,0.34,10.26, 1.09, 9.41,25.97, 238.7,15.7, 1.6,0, 0.00, 0.40, 0.58, 0.00, 0.22, 0.00, 0.00,*****,65.17,14.07
1481,3,31.69,2.91,31.84,1.40,0.32,11.54, 2.25,10.02,34.16, 208.4,12.9, 1.5,0, 0.38, 0.00, 0.00, 0.00,-0.07, 2.32, 1.30,96.38,66.36,15.08
1482,3,29.18,2.85,30.98,1.59,0.33,10.59, 1.39, 9.58,33.86, 213.6,35.3, 2.7,0, 0.00, 0.00, 0.74, 1.44,-0.09, 0.00, 0.02,*****,64.46,14.49
1483,3,30.89,2.92,30.80,1.76,0.30,12.68, 1.10, 9.98,28.27, 209.1,39.7, 3.5,0, 0.00, 0.51, 0.00, 0.00, 0.20, 0.63, 1.14,98.23,66.78,15.80
1484,3,28.95,2.95,31.14,1.42,0.31,10.84, 2.11,11.13,29.31, 247.6,22.9, 2.3,0, 0.00, 0.00, 0.00, 0.00, 0.48, 0.00, 0.00,*****,64.94,14.19
1485,3,30.59,2.57,35.42,1.46,0.40,10.92, 2.41, 9.67,25.86, 203.6,39.9, 1.7,0, 0.00, 1.20, 0.00, 0.00, 0.22, 0.00, 0.00,*****,64.54,14.55
1486,3,31.51,2.56,34.25,1.43,0.39,11.88, 2.46,11.62,28.75, 245.4,40.5, 2.4,0, 1.68, 0.02, 0.00, 0.00, 0.12, 0.00, 1.10,*****,66.61,15.68
1487,3,29.40,2.82,32.67,1.60,0.30,12.49, 1.16, 9.75,32.93, 271.0,40.1, 3.8,0, 1.68, 0.00, 0.04, 0.00, 0.68, 1.33, 2.49,96.17,59.39,15.69
1488,3,28.89,2.51,30.14,1.63,0.33,10.18, 1.45, 9.24,28.86, 250.6,47.3, 3.5,0, 0.01, 0.00, 0.00, 2.88, 0.21, 0.17, 0.38,99.45,60.59,14.52
1489,3,30.85,2.99,33.30,1.60,0.31,11.79, 2.35,11.28,28.69, 199.7,35.9, 3.0,0, 0.00, 0.31, 0.26, 0.25, 0.21, 0.00, 0.68,*****,65.31,13.49
1490,3,31.05,2.68,32.58,1.62,0.30,10.94, 1.65,11.34,26.24, 245.0,37.5, 3.8,0, 0.00, 1.95, 0.00, 0.00,-0.09, 2.09, 0.00,99.77,61.29,14.02
1491,3,30.10,2.71,34.70,1.73,0.30,11.89, 1.24, 9.14,28.46, 247.9,27.9, 3.6,0, 0.00, 0.09, 0.64, 0.00,-0.52, 1.28, 3.75,94.98,57.10,14.61
1492,3,28.67,2.59,35.16,1.51,0.35,12.12, 1.73, 9.12,31.12, 238.8,15.8, 2.2,0, 0.72, 0.00, 0.73, 1.57, 0.29, 0.00, 0.00,*****,66.09,14.03
1493,3,30.48,2.70,35.12,1.72,0.33,11.15, 2.48,11.66,28.63, 230.3,42.4, 1.6,0, 0.00, 0.00, 0.53, 0.36, 0.11, 2.79, 1.08,96.13,67.75,14.40
1494,3,31.88,2.79,34.55,1.74,0.39,12.09, 1.62, 9.33,30.62, 274.2,23.2, 3.1,0, 0.00, 0.61, 0.00, 2.43,-0.15, 4.06, 0.16,95.78,57.00,14.14
1495,3,31.49,2.75,33.47,1.53,0.40,11.49, 1.35, 9.46,27.14, 269.8,49.1, 1.3,0, 0.00, 0.00, 0.00, 0.00,-0.01, 0.00, 0.00,*****,64.02,15.21
1496,3,30.65,2.92,35.66,1.56,0.36,11.51, 2.48, 9.20,34.69, 243.7,39.8, 3.0,0, 0.00, 0.00, 0.00, 0.00, 0.23, 0.00, 1.37,98.78,61.85,13.89
1497,3,30.92,2.81,35.83,1.54,0.32,11.71, 2.43,10.44,30.73, 272.6,16.4, 3.2,0, 1.78, 0.00, 0.00, 0.00, 0.16, 0.31, 0.00,*****,61.11,15.20
1498,3,28.02,2.88,35.28,1.45,0.37,10.87, 1.76, 9.62,28.54, 190.1,46.0, 1.4,0, 0.00, 0.51, 0.00, 0.02, 0.24, 0.05, 0.00,99.97,68.99,14.29
1499,3,29.36,2.74,32.55,1.41,0.38,12.74, 2.06,11.66,25.02, 231.3,19.3, 3.4,0, 0.00, 0.00, 0.02, 0.87, 0.18, 0.00, 0.77,*****,67.52,15.56
1500,3,30.03,2.64,33.75,1.78,0.39,12.90, 2.30, 9.41,32.93, 261.2,23.0, 2.5,0, 0.00, 0.35, 0.24, 0.00,-0.06, 0.29, 0.00,99.71,61.41,16.07
